bit_depth,channels,color_type,color_type_name,file_size_bytes,filename,height,path,width
16,1,0,grayscale,1846963,depth_0000.png,720,D:\Work\Assisten Dosen\Anylabel\Dataset\gohjinyu-oilpalm-ffb-dataset-d66eb99\ffb-localization\depth_maps\depth_0000.png,1280
16,1,0,grayscale,1846963,depth_0001.png,720,D:\Work\Assisten Dosen\Anylabel\Dataset\gohjinyu-oilpalm-ffb-dataset-d66eb99\ffb-localization\depth_maps\depth_0001.png,1280
16,1,0,grayscale,1846963,depth_0002.png,720,D:\Work\Assisten Dosen\Anylabel\Dataset\gohjinyu-oilpalm-ffb-dataset-d66eb99\ffb-localization\depth_maps\depth_0002.png,1280
16,1,0,grayscale,1846963,depth_0003.png,720,D:\Work\Assisten Dosen\Anylabel\Dataset\gohjinyu-oilpalm-ffb-dataset-d66eb99\ffb-localization\depth_maps\depth_0003.png,1280
16,1,0,grayscale,1846963,depth_0004.png,720,D:\Work\Assisten Dosen\Anylabel\Dataset\gohjinyu-oilpalm-ffb-dataset-d66eb99\ffb-localization\depth_maps\depth_0004.png,1280
16,1,0,grayscale,1846963,depth_0005.png,720,D:\Work\Assisten Dosen\Anylabel\Dataset\gohjinyu-oilpalm-ffb-dataset-d66eb99\ffb-localization\depth_maps\depth_0005.png,1280
16,1,0,grayscale,1846963,depth_0006.png,720,D:\Work\Assisten Dosen\Anylabel\Dataset\gohjinyu-oilpalm-ffb-dataset-d66eb99\ffb-localization\depth_maps\depth_0006.png,1280
16,1,0,grayscale,1846963,depth_0007.png,720,D:\Work\Assisten Dosen\Anylabel\Dataset\gohjinyu-oilpalm-ffb-dataset-d66eb99\ffb-localization\depth_maps\depth_0007.png,1280
16,1,0,grayscale,1846963,depth_0008.png,720,D:\Work\Assisten Dosen\Anylabel\Dataset\gohjinyu-oilpalm-ffb-dataset-d66eb99\ffb-localization\depth_maps\depth_0008.png,1280
16,1,0,grayscale,1846963,depth_0009.png,720,D:\Work\Assisten Dosen\Anylabel\Dataset\gohjinyu-oilpalm-ffb-dataset-d66eb99\ffb-localization\depth_maps\depth_0009.png,1280
16,1,0,grayscale,1846963,depth_0010.png,720,D:\Work\Assisten Dosen\Anylabel\Dataset\gohjinyu-oilpalm-ffb-dataset-d66eb99\ffb-localization\depth_maps\depth_0010.png,1280
16,1,0,grayscale,1846963,depth_0011.png,720,D:\Work\Assisten Dosen\Anylabel\Dataset\gohjinyu-oilpalm-ffb-dataset-d66eb99\ffb-localization\depth_maps\depth_0011.png,1280
16,1,0,grayscale,1846963,depth_0012.png,720,D:\Work\Assisten Dosen\Anylabel\Dataset\gohjinyu-oilpalm-ffb-dataset-d66eb99\ffb-localization\depth_maps\depth_0012.png,1280
16,1,0,grayscale,1846963,depth_0013.png,720,D:\Work\Assisten Dosen\Anylabel\Dataset\gohjinyu-oilpalm-ffb-dataset-d66eb99\ffb-localization\depth_maps\depth_0013.png,1280
16,1,0,grayscale,1846963,depth_0014.png,720,D:\Work\Assisten Dosen\Anylabel\Dataset\gohjinyu-oilpalm-ffb-dataset-d66eb99\ffb-localization\depth_maps\depth_0014.png,1280
16,1,0,grayscale,1846963,depth_0015.png,720,D:\Work\Assisten Dosen\Anylabel\Dataset\gohjinyu-oilpalm-ffb-dataset-d66eb99\ffb-localization\depth_maps\depth_0015.png,1280
16,1,0,grayscale,1846963,depth_0016.png,720,D:\Work\Assisten Dosen\Anylabel\Dataset\gohjinyu-oilpalm-ffb-dataset-d66eb99\ffb-localization\depth_maps\depth_0016.png,1280
16,1,0,grayscale,1846963,depth_0017.png,720,D:\Work\Assisten Dosen\Anylabel\Dataset\gohjinyu-oilpalm-ffb-dataset-d66eb99\ffb-localization\depth_maps\depth_0017.png,1280
16,1,0,grayscale,1846963,depth_0018.png,720,D:\Work\Assisten Dosen\Anylabel\Dataset\gohjinyu-oilpalm-ffb-dataset-d66eb99\ffb-localization\depth_maps\depth_0018.png,1280
16,1,0,grayscale,1846963,depth_0019.png,720,D:\Work\Assisten Dosen\Anylabel\Dataset\gohjinyu-oilpalm-ffb-dataset-d66eb99\ffb-localization\depth_maps\depth_0019.png,1280
16,1,0,grayscale,1846963,depth_0020.png,720,D:\Work\Assisten Dosen\Anylabel\Dataset\gohjinyu-oilpalm-ffb-dataset-d66eb99\ffb-localization\depth_maps\depth_0020.png,1280
16,1,0,grayscale,1846963,depth_0021.png,720,D:\Work\Assisten Dosen\Anylabel\Dataset\gohjinyu-oilpalm-ffb-dataset-d66eb99\ffb-localization\depth_maps\depth_0021.png,1280
16,1,0,grayscale,1846963,depth_0022.png,720,D:\Work\Assisten Dosen\Anylabel\Dataset\gohjinyu-oilpalm-ffb-dataset-d66eb99\ffb-localization\depth_maps\depth_0022.png,1280
16,1,0,grayscale,1846963,depth_0023.png,720,D:\Work\Assisten Dosen\Anylabel\Dataset\gohjinyu-oilpalm-ffb-dataset-d66eb99\ffb-localization\depth_maps\depth_0023.png,1280
16,1,0,grayscale,1846963,depth_0024.png,720,D:\Work\Assisten Dosen\Anylabel\Dataset\gohjinyu-oilpalm-ffb-dataset-d66eb99\ffb-localization\depth_maps\depth_0024.png,1280
16,1,0,grayscale,1846963,depth_0025.png,720,D:\Work\Assisten Dosen\Anylabel\Dataset\gohjinyu-oilpalm-ffb-dataset-d66eb99\ffb-localization\depth_maps\depth_0025.png,1280
16,1,0,grayscale,1846963,depth_0026.png,720,D:\Work\Assisten Dosen\Anylabel\Dataset\gohjinyu-oilpalm-ffb-dataset-d66eb99\ffb-localization\depth_maps\depth_0026.png,1280
16,1,0,grayscale,1846963,depth_0027.png,720,D:\Work\Assisten Dosen\Anylabel\Dataset\gohjinyu-oilpalm-ffb-dataset-d66eb99\ffb-localization\depth_maps\depth_0027.png,1280
16,1,0,grayscale,1846963,depth_0028.png,720,D:\Work\Assisten Dosen\Anylabel\Dataset\gohjinyu-oilpalm-ffb-dataset-d66eb99\ffb-localization\depth_maps\depth_0028.png,1280
16,1,0,grayscale,1846963,depth_0029.png,720,D:\Work\Assisten Dosen\Anylabel\Dataset\gohjinyu-oilpalm-ffb-dataset-d66eb99\ffb-localization\depth_maps\depth_0029.png,1280
16,1,0,grayscale,1846963,depth_0030.png,720,D:\Work\Assisten Dosen\Anylabel\Dataset\gohjinyu-oilpalm-ffb-dataset-d66eb99\ffb-localization\depth_maps\depth_0030.png,1280
16,1,0,grayscale,1846963,depth_0031.png,720,D:\Work\Assisten Dosen\Anylabel\Dataset\gohjinyu-oilpalm-ffb-dataset-d66eb99\ffb-localization\depth_maps\depth_0031.png,1280
16,1,0,grayscale,1846963,depth_0032.png,720,D:\Work\Assisten Dosen\Anylabel\Dataset\gohjinyu-oilpalm-ffb-dataset-d66eb99\ffb-localization\depth_maps\depth_0032.png,1280
16,1,0,grayscale,1846963,depth_0033.png,720,D:\Work\Assisten Dosen\Anylabel\Dataset\gohjinyu-oilpalm-ffb-dataset-d66eb99\ffb-localization\depth_maps\depth_0033.png,1280
16,1,0,grayscale,1846963,depth_0034.png,720,D:\Work\Assisten Dosen\Anylabel\Dataset\gohjinyu-oilpalm-ffb-dataset-d66eb99\ffb-localization\depth_maps\depth_0034.png,1280
16,1,0,grayscale,1846963,depth_0035.png,720,D:\Work\Assisten Dosen\Anylabel\Dataset\gohjinyu-oilpalm-ffb-dataset-d66eb99\ffb-localization\depth_maps\depth_0035.png,1280
16,1,0,grayscale,1846963,depth_0036.png,720,D:\Work\Assisten Dosen\Anylabel\Dataset\gohjinyu-oilpalm-ffb-dataset-d66eb99\ffb-localization\depth_maps\depth_0036.png,1280
16,1,0,grayscale,1846963,depth_0037.png,720,D:\Work\Assisten Dosen\Anylabel\Dataset\gohjinyu-oilpalm-ffb-dataset-d66eb99\ffb-localization\depth_maps\depth_0037.png,1280
16,1,0,grayscale,1846963,depth_0038.png,720,D:\Work\Assisten Dosen\Anylabel\Dataset\gohjinyu-oilpalm-ffb-dataset-d66eb99\ffb-localization\depth_maps\depth_0038.png,1280
16,1,0,grayscale,1846963,depth_0039.png,720,D:\Work\Assisten Dosen\Anylabel\Dataset\gohjinyu-oilpalm-ffb-dataset-d66eb99\ffb-localization\depth_maps\depth_0039.png,1280
16,1,0,grayscale,1846963,depth_0040.png,720,D:\Work\Assisten Dosen\Anylabel\Dataset\gohjinyu-oilpalm-ffb-dataset-d66eb99\ffb-localization\depth_maps\depth_0040.png,1280
16,1,0,grayscale,1846963,depth_0041.png,720,D:\Work\Assisten Dosen\Anylabel\Dataset\gohjinyu-oilpalm-ffb-dataset-d66eb99\ffb-localization\depth_maps\depth_0041.png,1280
16,1,0,grayscale,1846963,depth_0042.png,720,D:\Work\Assisten Dosen\Anylabel\Dataset\gohjinyu-oilpalm-ffb-dataset-d66eb99\ffb-localization\depth_maps\depth_0042.png,1280
16,1,0,grayscale,1846963,depth_0043.png,720,D:\Work\Assisten Dosen\Anylabel\Dataset\gohjinyu-oilpalm-ffb-dataset-d66eb99\ffb-localization\depth_maps\depth_0043.png,1280
16,1,0,grayscale,1846963,depth_0044.png,720,D:\Work\Assisten Dosen\Anylabel\Dataset\gohjinyu-oilpalm-ffb-dataset-d66eb99\ffb-localization\depth_maps\depth_0044.png,1280
16,1,0,grayscale,1846963,depth_0045.png,720,D:\Work\Assisten Dosen\Anylabel\Dataset\gohjinyu-oilpalm-ffb-dataset-d66eb99\ffb-localization\depth_maps\depth_0045.png,1280
16,1,0,grayscale,1846963,depth_0046.png,720,D:\Work\Assisten Dosen\Anylabel\Dataset\gohjinyu-oilpalm-ffb-dataset-d66eb99\ffb-localization\depth_maps\depth_0046.png,1280
16,1,0,grayscale,1846963,depth_0047.png,720,D:\Work\Assisten Dosen\Anylabel\Dataset\gohjinyu-oilpalm-ffb-dataset-d66eb99\ffb-localization\depth_maps\depth_0047.png,1280
16,1,0,grayscale,1846963,depth_0048.png,720,D:\Work\Assisten Dosen\Anylabel\Dataset\gohjinyu-oilpalm-ffb-dataset-d66eb99\ffb-localization\depth_maps\depth_0048.png,1280
16,1,0,grayscale,1846963,depth_0049.png,720,D:\Work\Assisten Dosen\Anylabel\Dataset\gohjinyu-oilpalm-ffb-dataset-d66eb99\ffb-localization\depth_maps\depth_0049.png,1280
16,1,0,grayscale,1846963,depth_0050.png,720,D:\Work\Assisten Dosen\Anylabel\Dataset\gohjinyu-oilpalm-ffb-dataset-d66eb99\ffb-localization\depth_maps\depth_0050.png,1280
16,1,0,grayscale,1846963,depth_0051.png,720,D:\Work\Assisten Dosen\Anylabel\Dataset\gohjinyu-oilpalm-ffb-dataset-d66eb99\ffb-localization\depth_maps\depth_0051.png,1280
16,1,0,grayscale,1846963,depth_0052.png,720,D:\Work\Assisten Dosen\Anylabel\Dataset\gohjinyu-oilpalm-ffb-dataset-d66eb99\ffb-localization\depth_maps\depth_0052.png,1280
16,1,0,grayscale,1846963,depth_0053.png,720,D:\Work\Assisten Dosen\Anylabel\Dataset\gohjinyu-oilpalm-ffb-dataset-d66eb99\ffb-localization\depth_maps\depth_0053.png,1280
16,1,0,grayscale,1846963,depth_0054.png,720,D:\Work\Assisten Dosen\Anylabel\Dataset\gohjinyu-oilpalm-ffb-dataset-d66eb99\ffb-localization\depth_maps\depth_0054.png,1280
16,1,0,grayscale,1846963,depth_0055.png,720,D:\Work\Assisten Dosen\Anylabel\Dataset\gohjinyu-oilpalm-ffb-dataset-d66eb99\ffb-localization\depth_maps\depth_0055.png,1280
16,1,0,grayscale,1846963,depth_0056.png,720,D:\Work\Assisten Dosen\Anylabel\Dataset\gohjinyu-oilpalm-ffb-dataset-d66eb99\ffb-localization\depth_maps\depth_0056.png,1280
16,1,0,grayscale,1846963,depth_0057.png,720,D:\Work\Assisten Dosen\Anylabel\Dataset\gohjinyu-oilpalm-ffb-dataset-d66eb99\ffb-localization\depth_maps\depth_0057.png,1280
16,1,0,grayscale,1846963,depth_0058.png,720,D:\Work\Assisten Dosen\Anylabel\Dataset\gohjinyu-oilpalm-ffb-dataset-d66eb99\ffb-localization\depth_maps\depth_0058.png,1280
16,1,0,grayscale,1846963,depth_0059.png,720,D:\Work\Assisten Dosen\Anylabel\Dataset\gohjinyu-oilpalm-ffb-dataset-d66eb99\ffb-localization\depth_maps\depth_0059.png,1280
16,1,0,grayscale,1846963,depth_0060.png,720,D:\Work\Assisten Dosen\Anylabel\Dataset\gohjinyu-oilpalm-ffb-dataset-d66eb99\ffb-localization\depth_maps\depth_0060.png,1280
16,1,0,grayscale,1846963,depth_0061.png,720,D:\Work\Assisten Dosen\Anylabel\Dataset\gohjinyu-oilpalm-ffb-dataset-d66eb99\ffb-localization\depth_maps\depth_0061.png,1280
16,1,0,grayscale,1846963,depth_0062.png,720,D:\Work\Assisten Dosen\Anylabel\Dataset\gohjinyu-oilpalm-ffb-dataset-d66eb99\ffb-localization\depth_maps\depth_0062.png,1280
16,1,0,grayscale,1846963,depth_0063.png,720,D:\Work\Assisten Dosen\Anylabel\Dataset\gohjinyu-oilpalm-ffb-dataset-d66eb99\ffb-localization\depth_maps\depth_0063.png,1280
16,1,0,grayscale,1846963,depth_0064.png,720,D:\Work\Assisten Dosen\Anylabel\Dataset\gohjinyu-oilpalm-ffb-dataset-d66eb99\ffb-localization\depth_maps\depth_0064.png,1280
16,1,0,grayscale,1846963,depth_0065.png,720,D:\Work\Assisten Dosen\Anylabel\Dataset\gohjinyu-oilpalm-ffb-dataset-d66eb99\ffb-localization\depth_maps\depth_0065.png,1280
16,1,0,grayscale,1846963,depth_0066.png,720,D:\Work\Assisten Dosen\Anylabel\Dataset\gohjinyu-oilpalm-ffb-dataset-d66eb99\ffb-localization\depth_maps\depth_0066.png,1280
16,1,0,grayscale,1846963,depth_0067.png,720,D:\Work\Assisten Dosen\Anylabel\Dataset\gohjinyu-oilpalm-ffb-dataset-d66eb99\ffb-localization\depth_maps\depth_0067.png,1280
16,1,0,grayscale,1846963,depth_0068.png,720,D:\Work\Assisten Dosen\Anylabel\Dataset\gohjinyu-oilpalm-ffb-dataset-d66eb99\ffb-localization\depth_maps\depth_0068.png,1280
16,1,0,grayscale,1846963,depth_0069.png,720,D:\Work\Assisten Dosen\Anylabel\Dataset\gohjinyu-oilpalm-ffb-dataset-d66eb99\ffb-localization\depth_maps\depth_0069.png,1280
16,1,0,grayscale,1846963,depth_0070.png,720,D:\Work\Assisten Dosen\Anylabel\Dataset\gohjinyu-oilpalm-ffb-dataset-d66eb99\ffb-localization\depth_maps\depth_0070.png,1280
16,1,0,grayscale,1846963,depth_0071.png,720,D:\Work\Assisten Dosen\Anylabel\Dataset\gohjinyu-oilpalm-ffb-dataset-d66eb99\ffb-localization\depth_maps\depth_0071.png,1280
16,1,0,grayscale,1846963,depth_0072.png,720,D:\Work\Assisten Dosen\Anylabel\Dataset\gohjinyu-oilpalm-ffb-dataset-d66eb99\ffb-localization\depth_maps\depth_0072.png,1280
16,1,0,grayscale,1846963,depth_0073.png,720,D:\Work\Assisten Dosen\Anylabel\Dataset\gohjinyu-oilpalm-ffb-dataset-d66eb99\ffb-localization\depth_maps\depth_0073.png,1280
16,1,0,grayscale,1846963,depth_0074.png,720,D:\Work\Assisten Dosen\Anylabel\Dataset\gohjinyu-oilpalm-ffb-dataset-d66eb99\ffb-localization\depth_maps\depth_0074.png,1280
16,1,0,grayscale,1846963,depth_0075.png,720,D:\Work\Assisten Dosen\Anylabel\Dataset\gohjinyu-oilpalm-ffb-dataset-d66eb99\ffb-localization\depth_maps\depth_0075.png,1280
16,1,0,grayscale,1846963,depth_0076.png,720,D:\Work\Assisten Dosen\Anylabel\Dataset\gohjinyu-oilpalm-ffb-dataset-d66eb99\ffb-localization\depth_maps\depth_0076.png,1280
16,1,0,grayscale,1846963,depth_0077.png,720,D:\Work\Assisten Dosen\Anylabel\Dataset\gohjinyu-oilpalm-ffb-dataset-d66eb99\ffb-localization\depth_maps\depth_0077.png,1280
16,1,0,grayscale,1846963,depth_0078.png,720,D:\Work\Assisten Dosen\Anylabel\Dataset\gohjinyu-oilpalm-ffb-dataset-d66eb99\ffb-localization\depth_maps\depth_0078.png,1280
16,1,0,grayscale,1846963,depth_0079.png,720,D:\Work\Assisten Dosen\Anylabel\Dataset\gohjinyu-oilpalm-ffb-dataset-d66eb99\ffb-localization\depth_maps\depth_0079.png,1280
16,1,0,grayscale,1846963,depth_0080.png,720,D:\Work\Assisten Dosen\Anylabel\Dataset\gohjinyu-oilpalm-ffb-dataset-d66eb99\ffb-localization\depth_maps\depth_0080.png,1280
16,1,0,grayscale,1846963,depth_0081.png,720,D:\Work\Assisten Dosen\Anylabel\Dataset\gohjinyu-oilpalm-ffb-dataset-d66eb99\ffb-localization\depth_maps\depth_0081.png,1280
16,1,0,grayscale,1846963,depth_0082.png,720,D:\Work\Assisten Dosen\Anylabel\Dataset\gohjinyu-oilpalm-ffb-dataset-d66eb99\ffb-localization\depth_maps\depth_0082.png,1280
16,1,0,grayscale,1846963,depth_0083.png,720,D:\Work\Assisten Dosen\Anylabel\Dataset\gohjinyu-oilpalm-ffb-dataset-d66eb99\ffb-localization\depth_maps\depth_0083.png,1280
16,1,0,grayscale,1846963,depth_0084.png,720,D:\Work\Assisten Dosen\Anylabel\Dataset\gohjinyu-oilpalm-ffb-dataset-d66eb99\ffb-localization\depth_maps\depth_0084.png,1280
16,1,0,grayscale,1846963,depth_0085.png,720,D:\Work\Assisten Dosen\Anylabel\Dataset\gohjinyu-oilpalm-ffb-dataset-d66eb99\ffb-localization\depth_maps\depth_0085.png,1280
16,1,0,grayscale,1846963,depth_0086.png,720,D:\Work\Assisten Dosen\Anylabel\Dataset\gohjinyu-oilpalm-ffb-dataset-d66eb99\ffb-localization\depth_maps\depth_0086.png,1280
16,1,0,grayscale,1846963,depth_0087.png,720,D:\Work\Assisten Dosen\Anylabel\Dataset\gohjinyu-oilpalm-ffb-dataset-d66eb99\ffb-localization\depth_maps\depth_0087.png,1280
16,1,0,grayscale,1846963,depth_0088.png,720,D:\Work\Assisten Dosen\Anylabel\Dataset\gohjinyu-oilpalm-ffb-dataset-d66eb99\ffb-localization\depth_maps\depth_0088.png,1280
16,1,0,grayscale,1846963,depth_0089.png,720,D:\Work\Assisten Dosen\Anylabel\Dataset\gohjinyu-oilpalm-ffb-dataset-d66eb99\ffb-localization\depth_maps\depth_0089.png,1280
16,1,0,grayscale,1846963,depth_0090.png,720,D:\Work\Assisten Dosen\Anylabel\Dataset\gohjinyu-oilpalm-ffb-dataset-d66eb99\ffb-localization\depth_maps\depth_0090.png,1280
16,1,0,grayscale,1846963,depth_0091.png,720,D:\Work\Assisten Dosen\Anylabel\Dataset\gohjinyu-oilpalm-ffb-dataset-d66eb99\ffb-localization\depth_maps\depth_0091.png,1280
16,1,0,grayscale,1846963,depth_0092.png,720,D:\Work\Assisten Dosen\Anylabel\Dataset\gohjinyu-oilpalm-ffb-dataset-d66eb99\ffb-localization\depth_maps\depth_0092.png,1280
16,1,0,grayscale,1846963,depth_0093.png,720,D:\Work\Assisten Dosen\Anylabel\Dataset\gohjinyu-oilpalm-ffb-dataset-d66eb99\ffb-localization\depth_maps\depth_0093.png,1280
16,1,0,grayscale,1846963,depth_0094.png,720,D:\Work\Assisten Dosen\Anylabel\Dataset\gohjinyu-oilpalm-ffb-dataset-d66eb99\ffb-localization\depth_maps\depth_0094.png,1280
16,1,0,grayscale,1846963,depth_0095.png,720,D:\Work\Assisten Dosen\Anylabel\Dataset\gohjinyu-oilpalm-ffb-dataset-d66eb99\ffb-localization\depth_maps\depth_0095.png,1280
16,1,0,grayscale,1846963,depth_0096.png,720,D:\Work\Assisten Dosen\Anylabel\Dataset\gohjinyu-oilpalm-ffb-dataset-d66eb99\ffb-localization\depth_maps\depth_0096.png,1280
16,1,0,grayscale,1846963,depth_0097.png,720,D:\Work\Assisten Dosen\Anylabel\Dataset\gohjinyu-oilpalm-ffb-dataset-d66eb99\ffb-localization\depth_maps\depth_0097.png,1280
16,1,0,grayscale,1846963,depth_0098.png,720,D:\Work\Assisten Dosen\Anylabel\Dataset\gohjinyu-oilpalm-ffb-dataset-d66eb99\ffb-localization\depth_maps\depth_0098.png,1280
16,1,0,grayscale,1846963,depth_0099.png,720,D:\Work\Assisten Dosen\Anylabel\Dataset\gohjinyu-oilpalm-ffb-dataset-d66eb99\ffb-localization\depth_maps\depth_0099.png,1280
16,1,0,grayscale,1846963,depth_0100.png,720,D:\Work\Assisten Dosen\Anylabel\Dataset\gohjinyu-oilpalm-ffb-dataset-d66eb99\ffb-localization\depth_maps\depth_0100.png,1280
16,1,0,grayscale,1846963,depth_0101.png,720,D:\Work\Assisten Dosen\Anylabel\Dataset\gohjinyu-oilpalm-ffb-dataset-d66eb99\ffb-localization\depth_maps\depth_0101.png,1280
16,1,0,grayscale,1846963,depth_0102.png,720,D:\Work\Assisten Dosen\Anylabel\Dataset\gohjinyu-oilpalm-ffb-dataset-d66eb99\ffb-localization\depth_maps\depth_0102.png,1280
16,1,0,grayscale,1846963,depth_0103.png,720,D:\Work\Assisten Dosen\Anylabel\Dataset\gohjinyu-oilpalm-ffb-dataset-d66eb99\ffb-localization\depth_maps\depth_0103.png,1280
16,1,0,grayscale,1846963,depth_0104.png,720,D:\Work\Assisten Dosen\Anylabel\Dataset\gohjinyu-oilpalm-ffb-dataset-d66eb99\ffb-localization\depth_maps\depth_0104.png,1280
16,1,0,grayscale,1846963,depth_0105.png,720,D:\Work\Assisten Dosen\Anylabel\Dataset\gohjinyu-oilpalm-ffb-dataset-d66eb99\ffb-localization\depth_maps\depth_0105.png,1280
16,1,0,grayscale,1846963,depth_0106.png,720,D:\Work\Assisten Dosen\Anylabel\Dataset\gohjinyu-oilpalm-ffb-dataset-d66eb99\ffb-localization\depth_maps\depth_0106.png,1280
16,1,0,grayscale,1846963,depth_0107.png,720,D:\Work\Assisten Dosen\Anylabel\Dataset\gohjinyu-oilpalm-ffb-dataset-d66eb99\ffb-localization\depth_maps\depth_0107.png,1280
16,1,0,grayscale,1846963,depth_0108.png,720,D:\Work\Assisten Dosen\Anylabel\Dataset\gohjinyu-oilpalm-ffb-dataset-d66eb99\ffb-localization\depth_maps\depth_0108.png,1280
16,1,0,grayscale,1846963,depth_0109.png,720,D:\Work\Assisten Dosen\Anylabel\Dataset\gohjinyu-oilpalm-ffb-dataset-d66eb99\ffb-localization\depth_maps\depth_0109.png,1280
16,1,0,grayscale,1846963,depth_0110.png,720,D:\Work\Assisten Dosen\Anylabel\Dataset\gohjinyu-oilpalm-ffb-dataset-d66eb99\ffb-localization\depth_maps\depth_0110.png,1280
16,1,0,grayscale,1846963,depth_0111.png,720,D:\Work\Assisten Dosen\Anylabel\Dataset\gohjinyu-oilpalm-ffb-dataset-d66eb99\ffb-localization\depth_maps\depth_0111.png,1280
16,1,0,grayscale,1846963,depth_0112.png,720,D:\Work\Assisten Dosen\Anylabel\Dataset\gohjinyu-oilpalm-ffb-dataset-d66eb99\ffb-localization\depth_maps\depth_0112.png,1280
16,1,0,grayscale,1846963,depth_0113.png,720,D:\Work\Assisten Dosen\Anylabel\Dataset\gohjinyu-oilpalm-ffb-dataset-d66eb99\ffb-localization\depth_maps\depth_0113.png,1280
16,1,0,grayscale,1846963,depth_0114.png,720,D:\Work\Assisten Dosen\Anylabel\Dataset\gohjinyu-oilpalm-ffb-dataset-d66eb99\ffb-localization\depth_maps\depth_0114.png,1280
16,1,0,grayscale,1846963,depth_0115.png,720,D:\Work\Assisten Dosen\Anylabel\Dataset\gohjinyu-oilpalm-ffb-dataset-d66eb99\ffb-localization\depth_maps\depth_0115.png,1280
16,1,0,grayscale,1846963,depth_0116.png,720,D:\Work\Assisten Dosen\Anylabel\Dataset\gohjinyu-oilpalm-ffb-dataset-d66eb99\ffb-localization\depth_maps\depth_0116.png,1280
16,1,0,grayscale,1846963,depth_0117.png,720,D:\Work\Assisten Dosen\Anylabel\Dataset\gohjinyu-oilpalm-ffb-dataset-d66eb99\ffb-localization\depth_maps\depth_0117.png,1280
16,1,0,grayscale,1846963,depth_0118.png,720,D:\Work\Assisten Dosen\Anylabel\Dataset\gohjinyu-oilpalm-ffb-dataset-d66eb99\ffb-localization\depth_maps\depth_0118.png,1280
16,1,0,grayscale,1846963,depth_0119.png,720,D:\Work\Assisten Dosen\Anylabel\Dataset\gohjinyu-oilpalm-ffb-dataset-d66eb99\ffb-localization\depth_maps\depth_0119.png,1280
16,1,0,grayscale,1846963,depth_0120.png,720,D:\Work\Assisten Dosen\Anylabel\Dataset\gohjinyu-oilpalm-ffb-dataset-d66eb99\ffb-localization\depth_maps\depth_0120.png,1280
16,1,0,grayscale,1846963,depth_0121.png,720,D:\Work\Assisten Dosen\Anylabel\Dataset\gohjinyu-oilpalm-ffb-dataset-d66eb99\ffb-localization\depth_maps\depth_0121.png,1280
16,1,0,grayscale,1846963,depth_0122.png,720,D:\Work\Assisten Dosen\Anylabel\Dataset\gohjinyu-oilpalm-ffb-dataset-d66eb99\ffb-localization\depth_maps\depth_0122.png,1280
16,1,0,grayscale,1846963,depth_0123.png,720,D:\Work\Assisten Dosen\Anylabel\Dataset\gohjinyu-oilpalm-ffb-dataset-d66eb99\ffb-localization\depth_maps\depth_0123.png,1280
16,1,0,grayscale,1846963,depth_0124.png,720,D:\Work\Assisten Dosen\Anylabel\Dataset\gohjinyu-oilpalm-ffb-dataset-d66eb99\ffb-localization\depth_maps\depth_0124.png,1280
16,1,0,grayscale,1846963,depth_0125.png,720,D:\Work\Assisten Dosen\Anylabel\Dataset\gohjinyu-oilpalm-ffb-dataset-d66eb99\ffb-localization\depth_maps\depth_0125.png,1280
16,1,0,grayscale,1846963,depth_0126.png,720,D:\Work\Assisten Dosen\Anylabel\Dataset\gohjinyu-oilpalm-ffb-dataset-d66eb99\ffb-localization\depth_maps\depth_0126.png,1280
16,1,0,grayscale,1846963,depth_0127.png,720,D:\Work\Assisten Dosen\Anylabel\Dataset\gohjinyu-oilpalm-ffb-dataset-d66eb99\ffb-localization\depth_maps\depth_0127.png,1280
16,1,0,grayscale,1846963,depth_0128.png,720,D:\Work\Assisten Dosen\Anylabel\Dataset\gohjinyu-oilpalm-ffb-dataset-d66eb99\ffb-localization\depth_maps\depth_0128.png,1280
16,1,0,grayscale,1846963,depth_0129.png,720,D:\Work\Assisten Dosen\Anylabel\Dataset\gohjinyu-oilpalm-ffb-dataset-d66eb99\ffb-localization\depth_maps\depth_0129.png,1280
16,1,0,grayscale,1846963,depth_0130.png,720,D:\Work\Assisten Dosen\Anylabel\Dataset\gohjinyu-oilpalm-ffb-dataset-d66eb99\ffb-localization\depth_maps\depth_0130.png,1280
16,1,0,grayscale,1846963,depth_0131.png,720,D:\Work\Assisten Dosen\Anylabel\Dataset\gohjinyu-oilpalm-ffb-dataset-d66eb99\ffb-localization\depth_maps\depth_0131.png,1280
16,1,0,grayscale,1846963,depth_0132.png,720,D:\Work\Assisten Dosen\Anylabel\Dataset\gohjinyu-oilpalm-ffb-dataset-d66eb99\ffb-localization\depth_maps\depth_0132.png,1280
16,1,0,grayscale,1846963,depth_0133.png,720,D:\Work\Assisten Dosen\Anylabel\Dataset\gohjinyu-oilpalm-ffb-dataset-d66eb99\ffb-localization\depth_maps\depth_0133.png,1280
16,1,0,grayscale,1846963,depth_0134.png,720,D:\Work\Assisten Dosen\Anylabel\Dataset\gohjinyu-oilpalm-ffb-dataset-d66eb99\ffb-localization\depth_maps\depth_0134.png,1280
16,1,0,grayscale,1846963,depth_0135.png,720,D:\Work\Assisten Dosen\Anylabel\Dataset\gohjinyu-oilpalm-ffb-dataset-d66eb99\ffb-localization\depth_maps\depth_0135.png,1280
16,1,0,grayscale,1846963,depth_0136.png,720,D:\Work\Assisten Dosen\Anylabel\Dataset\gohjinyu-oilpalm-ffb-dataset-d66eb99\ffb-localization\depth_maps\depth_0136.png,1280
16,1,0,grayscale,1846963,depth_0137.png,720,D:\Work\Assisten Dosen\Anylabel\Dataset\gohjinyu-oilpalm-ffb-dataset-d66eb99\ffb-localization\depth_maps\depth_0137.png,1280
16,1,0,grayscale,1846963,depth_0138.png,720,D:\Work\Assisten Dosen\Anylabel\Dataset\gohjinyu-oilpalm-ffb-dataset-d66eb99\ffb-localization\depth_maps\depth_0138.png,1280
16,1,0,grayscale,1846963,depth_0139.png,720,D:\Work\Assisten Dosen\Anylabel\Dataset\gohjinyu-oilpalm-ffb-dataset-d66eb99\ffb-localization\depth_maps\depth_0139.png,1280
16,1,0,grayscale,1846963,depth_0140.png,720,D:\Work\Assisten Dosen\Anylabel\Dataset\gohjinyu-oilpalm-ffb-dataset-d66eb99\ffb-localization\depth_maps\depth_0140.png,1280
16,1,0,grayscale,1846963,depth_0141.png,720,D:\Work\Assisten Dosen\Anylabel\Dataset\gohjinyu-oilpalm-ffb-dataset-d66eb99\ffb-localization\depth_maps\depth_0141.png,1280
16,1,0,grayscale,1846963,depth_0142.png,720,D:\Work\Assisten Dosen\Anylabel\Dataset\gohjinyu-oilpalm-ffb-dataset-d66eb99\ffb-localization\depth_maps\depth_0142.png,1280
16,1,0,grayscale,1846963,depth_0143.png,720,D:\Work\Assisten Dosen\Anylabel\Dataset\gohjinyu-oilpalm-ffb-dataset-d66eb99\ffb-localization\depth_maps\depth_0143.png,1280
16,1,0,grayscale,1846963,depth_0144.png,720,D:\Work\Assisten Dosen\Anylabel\Dataset\gohjinyu-oilpalm-ffb-dataset-d66eb99\ffb-localization\depth_maps\depth_0144.png,1280
16,1,0,grayscale,1846963,depth_0145.png,720,D:\Work\Assisten Dosen\Anylabel\Dataset\gohjinyu-oilpalm-ffb-dataset-d66eb99\ffb-localization\depth_maps\depth_0145.png,1280
16,1,0,grayscale,1846963,depth_0146.png,720,D:\Work\Assisten Dosen\Anylabel\Dataset\gohjinyu-oilpalm-ffb-dataset-d66eb99\ffb-localization\depth_maps\depth_0146.png,1280
16,1,0,grayscale,1846963,depth_0147.png,720,D:\Work\Assisten Dosen\Anylabel\Dataset\gohjinyu-oilpalm-ffb-dataset-d66eb99\ffb-localization\depth_maps\depth_0147.png,1280
16,1,0,grayscale,1846963,depth_0148.png,720,D:\Work\Assisten Dosen\Anylabel\Dataset\gohjinyu-oilpalm-ffb-dataset-d66eb99\ffb-localization\depth_maps\depth_0148.png,1280
16,1,0,grayscale,1846963,depth_0149.png,720,D:\Work\Assisten Dosen\Anylabel\Dataset\gohjinyu-oilpalm-ffb-dataset-d66eb99\ffb-localization\depth_maps\depth_0149.png,1280
16,1,0,grayscale,1846963,depth_0150.png,720,D:\Work\Assisten Dosen\Anylabel\Dataset\gohjinyu-oilpalm-ffb-dataset-d66eb99\ffb-localization\depth_maps\depth_0150.png,1280
16,1,0,grayscale,1846963,depth_0151.png,720,D:\Work\Assisten Dosen\Anylabel\Dataset\gohjinyu-oilpalm-ffb-dataset-d66eb99\ffb-localization\depth_maps\depth_0151.png,1280
16,1,0,grayscale,1846963,depth_0152.png,720,D:\Work\Assisten Dosen\Anylabel\Dataset\gohjinyu-oilpalm-ffb-dataset-d66eb99\ffb-localization\depth_maps\depth_0152.png,1280
16,1,0,grayscale,1846963,depth_0153.png,720,D:\Work\Assisten Dosen\Anylabel\Dataset\gohjinyu-oilpalm-ffb-dataset-d66eb99\ffb-localization\depth_maps\depth_0153.png,1280
16,1,0,grayscale,1846963,depth_0154.png,720,D:\Work\Assisten Dosen\Anylabel\Dataset\gohjinyu-oilpalm-ffb-dataset-d66eb99\ffb-localization\depth_maps\depth_0154.png,1280
16,1,0,grayscale,1846963,depth_0155.png,720,D:\Work\Assisten Dosen\Anylabel\Dataset\gohjinyu-oilpalm-ffb-dataset-d66eb99\ffb-localization\depth_maps\depth_0155.png,1280
16,1,0,grayscale,1846963,depth_0156.png,720,D:\Work\Assisten Dosen\Anylabel\Dataset\gohjinyu-oilpalm-ffb-dataset-d66eb99\ffb-localization\depth_maps\depth_0156.png,1280
16,1,0,grayscale,1846963,depth_0157.png,720,D:\Work\Assisten Dosen\Anylabel\Dataset\gohjinyu-oilpalm-ffb-dataset-d66eb99\ffb-localization\depth_maps\depth_0157.png,1280
16,1,0,grayscale,1846963,depth_0158.png,720,D:\Work\Assisten Dosen\Anylabel\Dataset\gohjinyu-oilpalm-ffb-dataset-d66eb99\ffb-localization\depth_maps\depth_0158.png,1280
16,1,0,grayscale,1846963,depth_0159.png,720,D:\Work\Assisten Dosen\Anylabel\Dataset\gohjinyu-oilpalm-ffb-dataset-d66eb99\ffb-localization\depth_maps\depth_0159.png,1280
16,1,0,grayscale,1846963,depth_0160.png,720,D:\Work\Assisten Dosen\Anylabel\Dataset\gohjinyu-oilpalm-ffb-dataset-d66eb99\ffb-localization\depth_maps\depth_0160.png,1280
16,1,0,grayscale,1846963,depth_0161.png,720,D:\Work\Assisten Dosen\Anylabel\Dataset\gohjinyu-oilpalm-ffb-dataset-d66eb99\ffb-localization\depth_maps\depth_0161.png,1280
16,1,0,grayscale,1846963,depth_0162.png,720,D:\Work\Assisten Dosen\Anylabel\Dataset\gohjinyu-oilpalm-ffb-dataset-d66eb99\ffb-localization\depth_maps\depth_0162.png,1280
16,1,0,grayscale,1846963,depth_0163.png,720,D:\Work\Assisten Dosen\Anylabel\Dataset\gohjinyu-oilpalm-ffb-dataset-d66eb99\ffb-localization\depth_maps\depth_0163.png,1280
16,1,0,grayscale,1846963,depth_0164.png,720,D:\Work\Assisten Dosen\Anylabel\Dataset\gohjinyu-oilpalm-ffb-dataset-d66eb99\ffb-localization\depth_maps\depth_0164.png,1280
16,1,0,grayscale,1846963,depth_0165.png,720,D:\Work\Assisten Dosen\Anylabel\Dataset\gohjinyu-oilpalm-ffb-dataset-d66eb99\ffb-localization\depth_maps\depth_0165.png,1280
16,1,0,grayscale,1846963,depth_0166.png,720,D:\Work\Assisten Dosen\Anylabel\Dataset\gohjinyu-oilpalm-ffb-dataset-d66eb99\ffb-localization\depth_maps\depth_0166.png,1280
16,1,0,grayscale,1846963,depth_0167.png,720,D:\Work\Assisten Dosen\Anylabel\Dataset\gohjinyu-oilpalm-ffb-dataset-d66eb99\ffb-localization\depth_maps\depth_0167.png,1280
16,1,0,grayscale,1846963,depth_0168.png,720,D:\Work\Assisten Dosen\Anylabel\Dataset\gohjinyu-oilpalm-ffb-dataset-d66eb99\ffb-localization\depth_maps\depth_0168.png,1280
16,1,0,grayscale,1846963,depth_0169.png,720,D:\Work\Assisten Dosen\Anylabel\Dataset\gohjinyu-oilpalm-ffb-dataset-d66eb99\ffb-localization\depth_maps\depth_0169.png,1280
16,1,0,grayscale,1846963,depth_0170.png,720,D:\Work\Assisten Dosen\Anylabel\Dataset\gohjinyu-oilpalm-ffb-dataset-d66eb99\ffb-localization\depth_maps\depth_0170.png,1280
16,1,0,grayscale,1846963,depth_0171.png,720,D:\Work\Assisten Dosen\Anylabel\Dataset\gohjinyu-oilpalm-ffb-dataset-d66eb99\ffb-localization\depth_maps\depth_0171.png,1280
16,1,0,grayscale,1846963,depth_0172.png,720,D:\Work\Assisten Dosen\Anylabel\Dataset\gohjinyu-oilpalm-ffb-dataset-d66eb99\ffb-localization\depth_maps\depth_0172.png,1280
16,1,0,grayscale,1846963,depth_0173.png,720,D:\Work\Assisten Dosen\Anylabel\Dataset\gohjinyu-oilpalm-ffb-dataset-d66eb99\ffb-localization\depth_maps\depth_0173.png,1280
16,1,0,grayscale,1846963,depth_0174.png,720,D:\Work\Assisten Dosen\Anylabel\Dataset\gohjinyu-oilpalm-ffb-dataset-d66eb99\ffb-localization\depth_maps\depth_0174.png,1280
16,1,0,grayscale,1846963,depth_0175.png,720,D:\Work\Assisten Dosen\Anylabel\Dataset\gohjinyu-oilpalm-ffb-dataset-d66eb99\ffb-localization\depth_maps\depth_0175.png,1280
16,1,0,grayscale,1846963,depth_0176.png,720,D:\Work\Assisten Dosen\Anylabel\Dataset\gohjinyu-oilpalm-ffb-dataset-d66eb99\ffb-localization\depth_maps\depth_0176.png,1280
16,1,0,grayscale,1846963,depth_0177.png,720,D:\Work\Assisten Dosen\Anylabel\Dataset\gohjinyu-oilpalm-ffb-dataset-d66eb99\ffb-localization\depth_maps\depth_0177.png,1280
16,1,0,grayscale,1846963,depth_0178.png,720,D:\Work\Assisten Dosen\Anylabel\Dataset\gohjinyu-oilpalm-ffb-dataset-d66eb99\ffb-localization\depth_maps\depth_0178.png,1280
16,1,0,grayscale,1846963,depth_0179.png,720,D:\Work\Assisten Dosen\Anylabel\Dataset\gohjinyu-oilpalm-ffb-dataset-d66eb99\ffb-localization\depth_maps\depth_0179.png,1280
16,1,0,grayscale,1846963,depth_0180.png,720,D:\Work\Assisten Dosen\Anylabel\Dataset\gohjinyu-oilpalm-ffb-dataset-d66eb99\ffb-localization\depth_maps\depth_0180.png,1280
16,1,0,grayscale,1846963,depth_0181.png,720,D:\Work\Assisten Dosen\Anylabel\Dataset\gohjinyu-oilpalm-ffb-dataset-d66eb99\ffb-localization\depth_maps\depth_0181.png,1280
16,1,0,grayscale,1846963,depth_0182.png,720,D:\Work\Assisten Dosen\Anylabel\Dataset\gohjinyu-oilpalm-ffb-dataset-d66eb99\ffb-localization\depth_maps\depth_0182.png,1280
16,1,0,grayscale,1846963,depth_0183.png,720,D:\Work\Assisten Dosen\Anylabel\Dataset\gohjinyu-oilpalm-ffb-dataset-d66eb99\ffb-localization\depth_maps\depth_0183.png,1280
16,1,0,grayscale,1846963,depth_0184.png,720,D:\Work\Assisten Dosen\Anylabel\Dataset\gohjinyu-oilpalm-ffb-dataset-d66eb99\ffb-localization\depth_maps\depth_0184.png,1280
16,1,0,grayscale,1846963,depth_0185.png,720,D:\Work\Assisten Dosen\Anylabel\Dataset\gohjinyu-oilpalm-ffb-dataset-d66eb99\ffb-localization\depth_maps\depth_0185.png,1280
16,1,0,grayscale,1846963,depth_0186.png,720,D:\Work\Assisten Dosen\Anylabel\Dataset\gohjinyu-oilpalm-ffb-dataset-d66eb99\ffb-localization\depth_maps\depth_0186.png,1280
16,1,0,grayscale,1846963,depth_0187.png,720,D:\Work\Assisten Dosen\Anylabel\Dataset\gohjinyu-oilpalm-ffb-dataset-d66eb99\ffb-localization\depth_maps\depth_0187.png,1280
16,1,0,grayscale,1846963,depth_0188.png,720,D:\Work\Assisten Dosen\Anylabel\Dataset\gohjinyu-oilpalm-ffb-dataset-d66eb99\ffb-localization\depth_maps\depth_0188.png,1280
16,1,0,grayscale,1846963,depth_0189.png,720,D:\Work\Assisten Dosen\Anylabel\Dataset\gohjinyu-oilpalm-ffb-dataset-d66eb99\ffb-localization\depth_maps\depth_0189.png,1280
16,1,0,grayscale,1846963,depth_0190.png,720,D:\Work\Assisten Dosen\Anylabel\Dataset\gohjinyu-oilpalm-ffb-dataset-d66eb99\ffb-localization\depth_maps\depth_0190.png,1280
16,1,0,grayscale,1846963,depth_0191.png,720,D:\Work\Assisten Dosen\Anylabel\Dataset\gohjinyu-oilpalm-ffb-dataset-d66eb99\ffb-localization\depth_maps\depth_0191.png,1280
16,1,0,grayscale,1846963,depth_0192.png,720,D:\Work\Assisten Dosen\Anylabel\Dataset\gohjinyu-oilpalm-ffb-dataset-d66eb99\ffb-localization\depth_maps\depth_0192.png,1280
16,1,0,grayscale,1846963,depth_0193.png,720,D:\Work\Assisten Dosen\Anylabel\Dataset\gohjinyu-oilpalm-ffb-dataset-d66eb99\ffb-localization\depth_maps\depth_0193.png,1280
16,1,0,grayscale,1846963,depth_0194.png,720,D:\Work\Assisten Dosen\Anylabel\Dataset\gohjinyu-oilpalm-ffb-dataset-d66eb99\ffb-localization\depth_maps\depth_0194.png,1280
16,1,0,grayscale,1846963,depth_0195.png,720,D:\Work\Assisten Dosen\Anylabel\Dataset\gohjinyu-oilpalm-ffb-dataset-d66eb99\ffb-localization\depth_maps\depth_0195.png,1280
16,1,0,grayscale,1846963,depth_0196.png,720,D:\Work\Assisten Dosen\Anylabel\Dataset\gohjinyu-oilpalm-ffb-dataset-d66eb99\ffb-localization\depth_maps\depth_0196.png,1280
16,1,0,grayscale,1846963,depth_0197.png,720,D:\Work\Assisten Dosen\Anylabel\Dataset\gohjinyu-oilpalm-ffb-dataset-d66eb99\ffb-localization\depth_maps\depth_0197.png,1280
16,1,0,grayscale,1846963,depth_0198.png,720,D:\Work\Assisten Dosen\Anylabel\Dataset\gohjinyu-oilpalm-ffb-dataset-d66eb99\ffb-localization\depth_maps\depth_0198.png,1280
16,1,0,grayscale,1846963,depth_0199.png,720,D:\Work\Assisten Dosen\Anylabel\Dataset\gohjinyu-oilpalm-ffb-dataset-d66eb99\ffb-localization\depth_maps\depth_0199.png,1280
16,1,0,grayscale,1846963,depth_0200.png,720,D:\Work\Assisten Dosen\Anylabel\Dataset\gohjinyu-oilpalm-ffb-dataset-d66eb99\ffb-localization\depth_maps\depth_0200.png,1280
16,1,0,grayscale,1846963,depth_0201.png,720,D:\Work\Assisten Dosen\Anylabel\Dataset\gohjinyu-oilpalm-ffb-dataset-d66eb99\ffb-localization\depth_maps\depth_0201.png,1280
16,1,0,grayscale,1846963,depth_0202.png,720,D:\Work\Assisten Dosen\Anylabel\Dataset\gohjinyu-oilpalm-ffb-dataset-d66eb99\ffb-localization\depth_maps\depth_0202.png,1280
16,1,0,grayscale,1846963,depth_0203.png,720,D:\Work\Assisten Dosen\Anylabel\Dataset\gohjinyu-oilpalm-ffb-dataset-d66eb99\ffb-localization\depth_maps\depth_0203.png,1280
16,1,0,grayscale,1846963,depth_0204.png,720,D:\Work\Assisten Dosen\Anylabel\Dataset\gohjinyu-oilpalm-ffb-dataset-d66eb99\ffb-localization\depth_maps\depth_0204.png,1280
16,1,0,grayscale,1846963,depth_0205.png,720,D:\Work\Assisten Dosen\Anylabel\Dataset\gohjinyu-oilpalm-ffb-dataset-d66eb99\ffb-localization\depth_maps\depth_0205.png,1280
16,1,0,grayscale,1846963,depth_0206.png,720,D:\Work\Assisten Dosen\Anylabel\Dataset\gohjinyu-oilpalm-ffb-dataset-d66eb99\ffb-localization\depth_maps\depth_0206.png,1280
16,1,0,grayscale,1846963,depth_0207.png,720,D:\Work\Assisten Dosen\Anylabel\Dataset\gohjinyu-oilpalm-ffb-dataset-d66eb99\ffb-localization\depth_maps\depth_0207.png,1280
16,1,0,grayscale,1846963,depth_0208.png,720,D:\Work\Assisten Dosen\Anylabel\Dataset\gohjinyu-oilpalm-ffb-dataset-d66eb99\ffb-localization\depth_maps\depth_0208.png,1280
16,1,0,grayscale,1846963,depth_0209.png,720,D:\Work\Assisten Dosen\Anylabel\Dataset\gohjinyu-oilpalm-ffb-dataset-d66eb99\ffb-localization\depth_maps\depth_0209.png,1280
16,1,0,grayscale,1846963,depth_0210.png,720,D:\Work\Assisten Dosen\Anylabel\Dataset\gohjinyu-oilpalm-ffb-dataset-d66eb99\ffb-localization\depth_maps\depth_0210.png,1280
16,1,0,grayscale,1846963,depth_0211.png,720,D:\Work\Assisten Dosen\Anylabel\Dataset\gohjinyu-oilpalm-ffb-dataset-d66eb99\ffb-localization\depth_maps\depth_0211.png,1280
16,1,0,grayscale,1846963,depth_0212.png,720,D:\Work\Assisten Dosen\Anylabel\Dataset\gohjinyu-oilpalm-ffb-dataset-d66eb99\ffb-localization\depth_maps\depth_0212.png,1280
16,1,0,grayscale,1846963,depth_0213.png,720,D:\Work\Assisten Dosen\Anylabel\Dataset\gohjinyu-oilpalm-ffb-dataset-d66eb99\ffb-localization\depth_maps\depth_0213.png,1280
16,1,0,grayscale,1846963,depth_0214.png,720,D:\Work\Assisten Dosen\Anylabel\Dataset\gohjinyu-oilpalm-ffb-dataset-d66eb99\ffb-localization\depth_maps\depth_0214.png,1280
16,1,0,grayscale,1846963,depth_0215.png,720,D:\Work\Assisten Dosen\Anylabel\Dataset\gohjinyu-oilpalm-ffb-dataset-d66eb99\ffb-localization\depth_maps\depth_0215.png,1280
16,1,0,grayscale,1846963,depth_0216.png,720,D:\Work\Assisten Dosen\Anylabel\Dataset\gohjinyu-oilpalm-ffb-dataset-d66eb99\ffb-localization\depth_maps\depth_0216.png,1280
16,1,0,grayscale,1846963,depth_0217.png,720,D:\Work\Assisten Dosen\Anylabel\Dataset\gohjinyu-oilpalm-ffb-dataset-d66eb99\ffb-localization\depth_maps\depth_0217.png,1280
16,1,0,grayscale,1846963,depth_0218.png,720,D:\Work\Assisten Dosen\Anylabel\Dataset\gohjinyu-oilpalm-ffb-dataset-d66eb99\ffb-localization\depth_maps\depth_0218.png,1280
16,1,0,grayscale,1846963,depth_0219.png,720,D:\Work\Assisten Dosen\Anylabel\Dataset\gohjinyu-oilpalm-ffb-dataset-d66eb99\ffb-localization\depth_maps\depth_0219.png,1280
16,1,0,grayscale,1846963,depth_0220.png,720,D:\Work\Assisten Dosen\Anylabel\Dataset\gohjinyu-oilpalm-ffb-dataset-d66eb99\ffb-localization\depth_maps\depth_0220.png,1280
16,1,0,grayscale,1846963,depth_0221.png,720,D:\Work\Assisten Dosen\Anylabel\Dataset\gohjinyu-oilpalm-ffb-dataset-d66eb99\ffb-localization\depth_maps\depth_0221.png,1280
16,1,0,grayscale,1846963,depth_0222.png,720,D:\Work\Assisten Dosen\Anylabel\Dataset\gohjinyu-oilpalm-ffb-dataset-d66eb99\ffb-localization\depth_maps\depth_0222.png,1280
16,1,0,grayscale,1846963,depth_0223.png,720,D:\Work\Assisten Dosen\Anylabel\Dataset\gohjinyu-oilpalm-ffb-dataset-d66eb99\ffb-localization\depth_maps\depth_0223.png,1280
16,1,0,grayscale,1846963,depth_0224.png,720,D:\Work\Assisten Dosen\Anylabel\Dataset\gohjinyu-oilpalm-ffb-dataset-d66eb99\ffb-localization\depth_maps\depth_0224.png,1280
16,1,0,grayscale,1846963,depth_0225.png,720,D:\Work\Assisten Dosen\Anylabel\Dataset\gohjinyu-oilpalm-ffb-dataset-d66eb99\ffb-localization\depth_maps\depth_0225.png,1280
16,1,0,grayscale,1846963,depth_0226.png,720,D:\Work\Assisten Dosen\Anylabel\Dataset\gohjinyu-oilpalm-ffb-dataset-d66eb99\ffb-localization\depth_maps\depth_0226.png,1280
16,1,0,grayscale,1846963,depth_0227.png,720,D:\Work\Assisten Dosen\Anylabel\Dataset\gohjinyu-oilpalm-ffb-dataset-d66eb99\ffb-localization\depth_maps\depth_0227.png,1280
16,1,0,grayscale,1846963,depth_0228.png,720,D:\Work\Assisten Dosen\Anylabel\Dataset\gohjinyu-oilpalm-ffb-dataset-d66eb99\ffb-localization\depth_maps\depth_0228.png,1280
16,1,0,grayscale,1846963,depth_0229.png,720,D:\Work\Assisten Dosen\Anylabel\Dataset\gohjinyu-oilpalm-ffb-dataset-d66eb99\ffb-localization\depth_maps\depth_0229.png,1280
16,1,0,grayscale,1846963,depth_0230.png,720,D:\Work\Assisten Dosen\Anylabel\Dataset\gohjinyu-oilpalm-ffb-dataset-d66eb99\ffb-localization\depth_maps\depth_0230.png,1280
16,1,0,grayscale,1846963,depth_0231.png,720,D:\Work\Assisten Dosen\Anylabel\Dataset\gohjinyu-oilpalm-ffb-dataset-d66eb99\ffb-localization\depth_maps\depth_0231.png,1280
16,1,0,grayscale,1846963,depth_0232.png,720,D:\Work\Assisten Dosen\Anylabel\Dataset\gohjinyu-oilpalm-ffb-dataset-d66eb99\ffb-localization\depth_maps\depth_0232.png,1280
16,1,0,grayscale,1846963,depth_0233.png,720,D:\Work\Assisten Dosen\Anylabel\Dataset\gohjinyu-oilpalm-ffb-dataset-d66eb99\ffb-localization\depth_maps\depth_0233.png,1280
16,1,0,grayscale,1846963,depth_0234.png,720,D:\Work\Assisten Dosen\Anylabel\Dataset\gohjinyu-oilpalm-ffb-dataset-d66eb99\ffb-localization\depth_maps\depth_0234.png,1280
16,1,0,grayscale,1846963,depth_0235.png,720,D:\Work\Assisten Dosen\Anylabel\Dataset\gohjinyu-oilpalm-ffb-dataset-d66eb99\ffb-localization\depth_maps\depth_0235.png,1280
16,1,0,grayscale,1846963,depth_0236.png,720,D:\Work\Assisten Dosen\Anylabel\Dataset\gohjinyu-oilpalm-ffb-dataset-d66eb99\ffb-localization\depth_maps\depth_0236.png,1280
16,1,0,grayscale,1846963,depth_0237.png,720,D:\Work\Assisten Dosen\Anylabel\Dataset\gohjinyu-oilpalm-ffb-dataset-d66eb99\ffb-localization\depth_maps\depth_0237.png,1280
16,1,0,grayscale,1846963,depth_0238.png,720,D:\Work\Assisten Dosen\Anylabel\Dataset\gohjinyu-oilpalm-ffb-dataset-d66eb99\ffb-localization\depth_maps\depth_0238.png,1280
16,1,0,grayscale,1846963,depth_0239.png,720,D:\Work\Assisten Dosen\Anylabel\Dataset\gohjinyu-oilpalm-ffb-dataset-d66eb99\ffb-localization\depth_maps\depth_0239.png,1280
16,1,0,grayscale,1846963,depth_0240.png,720,D:\Work\Assisten Dosen\Anylabel\Dataset\gohjinyu-oilpalm-ffb-dataset-d66eb99\ffb-localization\depth_maps\depth_0240.png,1280
16,1,0,grayscale,1846963,depth_0241.png,720,D:\Work\Assisten Dosen\Anylabel\Dataset\gohjinyu-oilpalm-ffb-dataset-d66eb99\ffb-localization\depth_maps\depth_0241.png,1280
16,1,0,grayscale,1846963,depth_0242.png,720,D:\Work\Assisten Dosen\Anylabel\Dataset\gohjinyu-oilpalm-ffb-dataset-d66eb99\ffb-localization\depth_maps\depth_0242.png,1280
16,1,0,grayscale,1846963,depth_0243.png,720,D:\Work\Assisten Dosen\Anylabel\Dataset\gohjinyu-oilpalm-ffb-dataset-d66eb99\ffb-localization\depth_maps\depth_0243.png,1280
16,1,0,grayscale,1846963,depth_0244.png,720,D:\Work\Assisten Dosen\Anylabel\Dataset\gohjinyu-oilpalm-ffb-dataset-d66eb99\ffb-localization\depth_maps\depth_0244.png,1280
16,1,0,grayscale,1846963,depth_0245.png,720,D:\Work\Assisten Dosen\Anylabel\Dataset\gohjinyu-oilpalm-ffb-dataset-d66eb99\ffb-localization\depth_maps\depth_0245.png,1280
16,1,0,grayscale,1846963,depth_0246.png,720,D:\Work\Assisten Dosen\Anylabel\Dataset\gohjinyu-oilpalm-ffb-dataset-d66eb99\ffb-localization\depth_maps\depth_0246.png,1280
16,1,0,grayscale,1846963,depth_0247.png,720,D:\Work\Assisten Dosen\Anylabel\Dataset\gohjinyu-oilpalm-ffb-dataset-d66eb99\ffb-localization\depth_maps\depth_0247.png,1280
16,1,0,grayscale,1846963,depth_0248.png,720,D:\Work\Assisten Dosen\Anylabel\Dataset\gohjinyu-oilpalm-ffb-dataset-d66eb99\ffb-localization\depth_maps\depth_0248.png,1280
16,1,0,grayscale,1846963,depth_0249.png,720,D:\Work\Assisten Dosen\Anylabel\Dataset\gohjinyu-oilpalm-ffb-dataset-d66eb99\ffb-localization\depth_maps\depth_0249.png,1280
16,1,0,grayscale,1846963,depth_0250.png,720,D:\Work\Assisten Dosen\Anylabel\Dataset\gohjinyu-oilpalm-ffb-dataset-d66eb99\ffb-localization\depth_maps\depth_0250.png,1280
16,1,0,grayscale,1846963,depth_0251.png,720,D:\Work\Assisten Dosen\Anylabel\Dataset\gohjinyu-oilpalm-ffb-dataset-d66eb99\ffb-localization\depth_maps\depth_0251.png,1280
16,1,0,grayscale,1846963,depth_0252.png,720,D:\Work\Assisten Dosen\Anylabel\Dataset\gohjinyu-oilpalm-ffb-dataset-d66eb99\ffb-localization\depth_maps\depth_0252.png,1280
16,1,0,grayscale,1846963,depth_0253.png,720,D:\Work\Assisten Dosen\Anylabel\Dataset\gohjinyu-oilpalm-ffb-dataset-d66eb99\ffb-localization\depth_maps\depth_0253.png,1280
16,1,0,grayscale,1846963,depth_0254.png,720,D:\Work\Assisten Dosen\Anylabel\Dataset\gohjinyu-oilpalm-ffb-dataset-d66eb99\ffb-localization\depth_maps\depth_0254.png,1280
16,1,0,grayscale,1846963,depth_0255.png,720,D:\Work\Assisten Dosen\Anylabel\Dataset\gohjinyu-oilpalm-ffb-dataset-d66eb99\ffb-localization\depth_maps\depth_0255.png,1280
16,1,0,grayscale,1846963,depth_0256.png,720,D:\Work\Assisten Dosen\Anylabel\Dataset\gohjinyu-oilpalm-ffb-dataset-d66eb99\ffb-localization\depth_maps\depth_0256.png,1280
16,1,0,grayscale,1846963,depth_0257.png,720,D:\Work\Assisten Dosen\Anylabel\Dataset\gohjinyu-oilpalm-ffb-dataset-d66eb99\ffb-localization\depth_maps\depth_0257.png,1280
16,1,0,grayscale,1846963,depth_0258.png,720,D:\Work\Assisten Dosen\Anylabel\Dataset\gohjinyu-oilpalm-ffb-dataset-d66eb99\ffb-localization\depth_maps\depth_0258.png,1280
16,1,0,grayscale,1846963,depth_0259.png,720,D:\Work\Assisten Dosen\Anylabel\Dataset\gohjinyu-oilpalm-ffb-dataset-d66eb99\ffb-localization\depth_maps\depth_0259.png,1280
16,1,0,grayscale,1846963,depth_0260.png,720,D:\Work\Assisten Dosen\Anylabel\Dataset\gohjinyu-oilpalm-ffb-dataset-d66eb99\ffb-localization\depth_maps\depth_0260.png,1280
16,1,0,grayscale,1846963,depth_0261.png,720,D:\Work\Assisten Dosen\Anylabel\Dataset\gohjinyu-oilpalm-ffb-dataset-d66eb99\ffb-localization\depth_maps\depth_0261.png,1280
16,1,0,grayscale,1846963,depth_0262.png,720,D:\Work\Assisten Dosen\Anylabel\Dataset\gohjinyu-oilpalm-ffb-dataset-d66eb99\ffb-localization\depth_maps\depth_0262.png,1280
16,1,0,grayscale,1846963,depth_0263.png,720,D:\Work\Assisten Dosen\Anylabel\Dataset\gohjinyu-oilpalm-ffb-dataset-d66eb99\ffb-localization\depth_maps\depth_0263.png,1280
16,1,0,grayscale,1846963,depth_0264.png,720,D:\Work\Assisten Dosen\Anylabel\Dataset\gohjinyu-oilpalm-ffb-dataset-d66eb99\ffb-localization\depth_maps\depth_0264.png,1280
16,1,0,grayscale,1846963,depth_0265.png,720,D:\Work\Assisten Dosen\Anylabel\Dataset\gohjinyu-oilpalm-ffb-dataset-d66eb99\ffb-localization\depth_maps\depth_0265.png,1280
16,1,0,grayscale,1846963,depth_0266.png,720,D:\Work\Assisten Dosen\Anylabel\Dataset\gohjinyu-oilpalm-ffb-dataset-d66eb99\ffb-localization\depth_maps\depth_0266.png,1280
16,1,0,grayscale,1846963,depth_0267.png,720,D:\Work\Assisten Dosen\Anylabel\Dataset\gohjinyu-oilpalm-ffb-dataset-d66eb99\ffb-localization\depth_maps\depth_0267.png,1280
16,1,0,grayscale,1846963,depth_0268.png,720,D:\Work\Assisten Dosen\Anylabel\Dataset\gohjinyu-oilpalm-ffb-dataset-d66eb99\ffb-localization\depth_maps\depth_0268.png,1280
16,1,0,grayscale,1846963,depth_0269.png,720,D:\Work\Assisten Dosen\Anylabel\Dataset\gohjinyu-oilpalm-ffb-dataset-d66eb99\ffb-localization\depth_maps\depth_0269.png,1280
16,1,0,grayscale,1846963,depth_0270.png,720,D:\Work\Assisten Dosen\Anylabel\Dataset\gohjinyu-oilpalm-ffb-dataset-d66eb99\ffb-localization\depth_maps\depth_0270.png,1280
16,1,0,grayscale,1846963,depth_0271.png,720,D:\Work\Assisten Dosen\Anylabel\Dataset\gohjinyu-oilpalm-ffb-dataset-d66eb99\ffb-localization\depth_maps\depth_0271.png,1280
16,1,0,grayscale,1846963,depth_0272.png,720,D:\Work\Assisten Dosen\Anylabel\Dataset\gohjinyu-oilpalm-ffb-dataset-d66eb99\ffb-localization\depth_maps\depth_0272.png,1280
16,1,0,grayscale,1846963,depth_0273.png,720,D:\Work\Assisten Dosen\Anylabel\Dataset\gohjinyu-oilpalm-ffb-dataset-d66eb99\ffb-localization\depth_maps\depth_0273.png,1280
16,1,0,grayscale,1846963,depth_0274.png,720,D:\Work\Assisten Dosen\Anylabel\Dataset\gohjinyu-oilpalm-ffb-dataset-d66eb99\ffb-localization\depth_maps\depth_0274.png,1280
16,1,0,grayscale,1846963,depth_0275.png,720,D:\Work\Assisten Dosen\Anylabel\Dataset\gohjinyu-oilpalm-ffb-dataset-d66eb99\ffb-localization\depth_maps\depth_0275.png,1280
16,1,0,grayscale,1846963,depth_0276.png,720,D:\Work\Assisten Dosen\Anylabel\Dataset\gohjinyu-oilpalm-ffb-dataset-d66eb99\ffb-localization\depth_maps\depth_0276.png,1280
16,1,0,grayscale,1846963,depth_0277.png,720,D:\Work\Assisten Dosen\Anylabel\Dataset\gohjinyu-oilpalm-ffb-dataset-d66eb99\ffb-localization\depth_maps\depth_0277.png,1280
16,1,0,grayscale,1846963,depth_0278.png,720,D:\Work\Assisten Dosen\Anylabel\Dataset\gohjinyu-oilpalm-ffb-dataset-d66eb99\ffb-localization\depth_maps\depth_0278.png,1280
16,1,0,grayscale,1846963,depth_0279.png,720,D:\Work\Assisten Dosen\Anylabel\Dataset\gohjinyu-oilpalm-ffb-dataset-d66eb99\ffb-localization\depth_maps\depth_0279.png,1280
16,1,0,grayscale,1846963,depth_0280.png,720,D:\Work\Assisten Dosen\Anylabel\Dataset\gohjinyu-oilpalm-ffb-dataset-d66eb99\ffb-localization\depth_maps\depth_0280.png,1280
16,1,0,grayscale,1846963,depth_0281.png,720,D:\Work\Assisten Dosen\Anylabel\Dataset\gohjinyu-oilpalm-ffb-dataset-d66eb99\ffb-localization\depth_maps\depth_0281.png,1280
16,1,0,grayscale,1846963,depth_0282.png,720,D:\Work\Assisten Dosen\Anylabel\Dataset\gohjinyu-oilpalm-ffb-dataset-d66eb99\ffb-localization\depth_maps\depth_0282.png,1280
16,1,0,grayscale,1846963,depth_0283.png,720,D:\Work\Assisten Dosen\Anylabel\Dataset\gohjinyu-oilpalm-ffb-dataset-d66eb99\ffb-localization\depth_maps\depth_0283.png,1280
16,1,0,grayscale,1846963,depth_0284.png,720,D:\Work\Assisten Dosen\Anylabel\Dataset\gohjinyu-oilpalm-ffb-dataset-d66eb99\ffb-localization\depth_maps\depth_0284.png,1280
16,1,0,grayscale,1846963,depth_0285.png,720,D:\Work\Assisten Dosen\Anylabel\Dataset\gohjinyu-oilpalm-ffb-dataset-d66eb99\ffb-localization\depth_maps\depth_0285.png,1280
16,1,0,grayscale,1846963,depth_0286.png,720,D:\Work\Assisten Dosen\Anylabel\Dataset\gohjinyu-oilpalm-ffb-dataset-d66eb99\ffb-localization\depth_maps\depth_0286.png,1280
16,1,0,grayscale,1846963,depth_0287.png,720,D:\Work\Assisten Dosen\Anylabel\Dataset\gohjinyu-oilpalm-ffb-dataset-d66eb99\ffb-localization\depth_maps\depth_0287.png,1280
16,1,0,grayscale,1846963,depth_0288.png,720,D:\Work\Assisten Dosen\Anylabel\Dataset\gohjinyu-oilpalm-ffb-dataset-d66eb99\ffb-localization\depth_maps\depth_0288.png,1280
16,1,0,grayscale,1846963,depth_0289.png,720,D:\Work\Assisten Dosen\Anylabel\Dataset\gohjinyu-oilpalm-ffb-dataset-d66eb99\ffb-localization\depth_maps\depth_0289.png,1280
16,1,0,grayscale,1846963,depth_0290.png,720,D:\Work\Assisten Dosen\Anylabel\Dataset\gohjinyu-oilpalm-ffb-dataset-d66eb99\ffb-localization\depth_maps\depth_0290.png,1280
16,1,0,grayscale,1846963,depth_0291.png,720,D:\Work\Assisten Dosen\Anylabel\Dataset\gohjinyu-oilpalm-ffb-dataset-d66eb99\ffb-localization\depth_maps\depth_0291.png,1280
16,1,0,grayscale,1846963,depth_0292.png,720,D:\Work\Assisten Dosen\Anylabel\Dataset\gohjinyu-oilpalm-ffb-dataset-d66eb99\ffb-localization\depth_maps\depth_0292.png,1280
16,1,0,grayscale,1846963,depth_0293.png,720,D:\Work\Assisten Dosen\Anylabel\Dataset\gohjinyu-oilpalm-ffb-dataset-d66eb99\ffb-localization\depth_maps\depth_0293.png,1280
16,1,0,grayscale,1846963,depth_0294.png,720,D:\Work\Assisten Dosen\Anylabel\Dataset\gohjinyu-oilpalm-ffb-dataset-d66eb99\ffb-localization\depth_maps\depth_0294.png,1280
16,1,0,grayscale,1846963,depth_0295.png,720,D:\Work\Assisten Dosen\Anylabel\Dataset\gohjinyu-oilpalm-ffb-dataset-d66eb99\ffb-localization\depth_maps\depth_0295.png,1280
16,1,0,grayscale,1846963,depth_0296.png,720,D:\Work\Assisten Dosen\Anylabel\Dataset\gohjinyu-oilpalm-ffb-dataset-d66eb99\ffb-localization\depth_maps\depth_0296.png,1280
16,1,0,grayscale,1846963,depth_0297.png,720,D:\Work\Assisten Dosen\Anylabel\Dataset\gohjinyu-oilpalm-ffb-dataset-d66eb99\ffb-localization\depth_maps\depth_0297.png,1280
16,1,0,grayscale,1846963,depth_0298.png,720,D:\Work\Assisten Dosen\Anylabel\Dataset\gohjinyu-oilpalm-ffb-dataset-d66eb99\ffb-localization\depth_maps\depth_0298.png,1280
16,1,0,grayscale,1846963,depth_0299.png,720,D:\Work\Assisten Dosen\Anylabel\Dataset\gohjinyu-oilpalm-ffb-dataset-d66eb99\ffb-localization\depth_maps\depth_0299.png,1280
16,1,0,grayscale,1846963,depth_0300.png,720,D:\Work\Assisten Dosen\Anylabel\Dataset\gohjinyu-oilpalm-ffb-dataset-d66eb99\ffb-localization\depth_maps\depth_0300.png,1280
16,1,0,grayscale,1846963,depth_0301.png,720,D:\Work\Assisten Dosen\Anylabel\Dataset\gohjinyu-oilpalm-ffb-dataset-d66eb99\ffb-localization\depth_maps\depth_0301.png,1280
16,1,0,grayscale,1846963,depth_0302.png,720,D:\Work\Assisten Dosen\Anylabel\Dataset\gohjinyu-oilpalm-ffb-dataset-d66eb99\ffb-localization\depth_maps\depth_0302.png,1280
16,1,0,grayscale,1846963,depth_0303.png,720,D:\Work\Assisten Dosen\Anylabel\Dataset\gohjinyu-oilpalm-ffb-dataset-d66eb99\ffb-localization\depth_maps\depth_0303.png,1280
16,1,0,grayscale,1846963,depth_0304.png,720,D:\Work\Assisten Dosen\Anylabel\Dataset\gohjinyu-oilpalm-ffb-dataset-d66eb99\ffb-localization\depth_maps\depth_0304.png,1280
16,1,0,grayscale,1846963,depth_0305.png,720,D:\Work\Assisten Dosen\Anylabel\Dataset\gohjinyu-oilpalm-ffb-dataset-d66eb99\ffb-localization\depth_maps\depth_0305.png,1280
16,1,0,grayscale,1846963,depth_0306.png,720,D:\Work\Assisten Dosen\Anylabel\Dataset\gohjinyu-oilpalm-ffb-dataset-d66eb99\ffb-localization\depth_maps\depth_0306.png,1280
16,1,0,grayscale,1846963,depth_0307.png,720,D:\Work\Assisten Dosen\Anylabel\Dataset\gohjinyu-oilpalm-ffb-dataset-d66eb99\ffb-localization\depth_maps\depth_0307.png,1280
16,1,0,grayscale,1846963,depth_0308.png,720,D:\Work\Assisten Dosen\Anylabel\Dataset\gohjinyu-oilpalm-ffb-dataset-d66eb99\ffb-localization\depth_maps\depth_0308.png,1280
16,1,0,grayscale,1846963,depth_0309.png,720,D:\Work\Assisten Dosen\Anylabel\Dataset\gohjinyu-oilpalm-ffb-dataset-d66eb99\ffb-localization\depth_maps\depth_0309.png,1280
16,1,0,grayscale,1846963,depth_0310.png,720,D:\Work\Assisten Dosen\Anylabel\Dataset\gohjinyu-oilpalm-ffb-dataset-d66eb99\ffb-localization\depth_maps\depth_0310.png,1280
16,1,0,grayscale,1846963,depth_0311.png,720,D:\Work\Assisten Dosen\Anylabel\Dataset\gohjinyu-oilpalm-ffb-dataset-d66eb99\ffb-localization\depth_maps\depth_0311.png,1280
16,1,0,grayscale,1846963,depth_0312.png,720,D:\Work\Assisten Dosen\Anylabel\Dataset\gohjinyu-oilpalm-ffb-dataset-d66eb99\ffb-localization\depth_maps\depth_0312.png,1280
16,1,0,grayscale,1846963,depth_0313.png,720,D:\Work\Assisten Dosen\Anylabel\Dataset\gohjinyu-oilpalm-ffb-dataset-d66eb99\ffb-localization\depth_maps\depth_0313.png,1280
16,1,0,grayscale,1846963,depth_0314.png,720,D:\Work\Assisten Dosen\Anylabel\Dataset\gohjinyu-oilpalm-ffb-dataset-d66eb99\ffb-localization\depth_maps\depth_0314.png,1280
16,1,0,grayscale,1846963,depth_0315.png,720,D:\Work\Assisten Dosen\Anylabel\Dataset\gohjinyu-oilpalm-ffb-dataset-d66eb99\ffb-localization\depth_maps\depth_0315.png,1280
16,1,0,grayscale,1846963,depth_0316.png,720,D:\Work\Assisten Dosen\Anylabel\Dataset\gohjinyu-oilpalm-ffb-dataset-d66eb99\ffb-localization\depth_maps\depth_0316.png,1280
16,1,0,grayscale,1846963,depth_0317.png,720,D:\Work\Assisten Dosen\Anylabel\Dataset\gohjinyu-oilpalm-ffb-dataset-d66eb99\ffb-localization\depth_maps\depth_0317.png,1280
16,1,0,grayscale,1846963,depth_0318.png,720,D:\Work\Assisten Dosen\Anylabel\Dataset\gohjinyu-oilpalm-ffb-dataset-d66eb99\ffb-localization\depth_maps\depth_0318.png,1280
16,1,0,grayscale,1846963,depth_0319.png,720,D:\Work\Assisten Dosen\Anylabel\Dataset\gohjinyu-oilpalm-ffb-dataset-d66eb99\ffb-localization\depth_maps\depth_0319.png,1280
16,1,0,grayscale,1846963,depth_0320.png,720,D:\Work\Assisten Dosen\Anylabel\Dataset\gohjinyu-oilpalm-ffb-dataset-d66eb99\ffb-localization\depth_maps\depth_0320.png,1280
16,1,0,grayscale,1846963,depth_0321.png,720,D:\Work\Assisten Dosen\Anylabel\Dataset\gohjinyu-oilpalm-ffb-dataset-d66eb99\ffb-localization\depth_maps\depth_0321.png,1280
16,1,0,grayscale,1846963,depth_0322.png,720,D:\Work\Assisten Dosen\Anylabel\Dataset\gohjinyu-oilpalm-ffb-dataset-d66eb99\ffb-localization\depth_maps\depth_0322.png,1280
16,1,0,grayscale,1846963,depth_0323.png,720,D:\Work\Assisten Dosen\Anylabel\Dataset\gohjinyu-oilpalm-ffb-dataset-d66eb99\ffb-localization\depth_maps\depth_0323.png,1280
16,1,0,grayscale,1846963,depth_0324.png,720,D:\Work\Assisten Dosen\Anylabel\Dataset\gohjinyu-oilpalm-ffb-dataset-d66eb99\ffb-localization\depth_maps\depth_0324.png,1280
16,1,0,grayscale,1846963,depth_0325.png,720,D:\Work\Assisten Dosen\Anylabel\Dataset\gohjinyu-oilpalm-ffb-dataset-d66eb99\ffb-localization\depth_maps\depth_0325.png,1280
16,1,0,grayscale,1846963,depth_0326.png,720,D:\Work\Assisten Dosen\Anylabel\Dataset\gohjinyu-oilpalm-ffb-dataset-d66eb99\ffb-localization\depth_maps\depth_0326.png,1280
16,1,0,grayscale,1846963,depth_0327.png,720,D:\Work\Assisten Dosen\Anylabel\Dataset\gohjinyu-oilpalm-ffb-dataset-d66eb99\ffb-localization\depth_maps\depth_0327.png,1280
16,1,0,grayscale,1846963,depth_0328.png,720,D:\Work\Assisten Dosen\Anylabel\Dataset\gohjinyu-oilpalm-ffb-dataset-d66eb99\ffb-localization\depth_maps\depth_0328.png,1280
16,1,0,grayscale,1846963,depth_0329.png,720,D:\Work\Assisten Dosen\Anylabel\Dataset\gohjinyu-oilpalm-ffb-dataset-d66eb99\ffb-localization\depth_maps\depth_0329.png,1280
16,1,0,grayscale,1846963,depth_0330.png,720,D:\Work\Assisten Dosen\Anylabel\Dataset\gohjinyu-oilpalm-ffb-dataset-d66eb99\ffb-localization\depth_maps\depth_0330.png,1280
16,1,0,grayscale,1846963,depth_0331.png,720,D:\Work\Assisten Dosen\Anylabel\Dataset\gohjinyu-oilpalm-ffb-dataset-d66eb99\ffb-localization\depth_maps\depth_0331.png,1280
16,1,0,grayscale,1846963,depth_0332.png,720,D:\Work\Assisten Dosen\Anylabel\Dataset\gohjinyu-oilpalm-ffb-dataset-d66eb99\ffb-localization\depth_maps\depth_0332.png,1280
16,1,0,grayscale,1846963,depth_0333.png,720,D:\Work\Assisten Dosen\Anylabel\Dataset\gohjinyu-oilpalm-ffb-dataset-d66eb99\ffb-localization\depth_maps\depth_0333.png,1280
16,1,0,grayscale,1846963,depth_0334.png,720,D:\Work\Assisten Dosen\Anylabel\Dataset\gohjinyu-oilpalm-ffb-dataset-d66eb99\ffb-localization\depth_maps\depth_0334.png,1280
16,1,0,grayscale,1846963,depth_0335.png,720,D:\Work\Assisten Dosen\Anylabel\Dataset\gohjinyu-oilpalm-ffb-dataset-d66eb99\ffb-localization\depth_maps\depth_0335.png,1280
16,1,0,grayscale,1846963,depth_0336.png,720,D:\Work\Assisten Dosen\Anylabel\Dataset\gohjinyu-oilpalm-ffb-dataset-d66eb99\ffb-localization\depth_maps\depth_0336.png,1280
16,1,0,grayscale,1846963,depth_0337.png,720,D:\Work\Assisten Dosen\Anylabel\Dataset\gohjinyu-oilpalm-ffb-dataset-d66eb99\ffb-localization\depth_maps\depth_0337.png,1280
16,1,0,grayscale,1846963,depth_0338.png,720,D:\Work\Assisten Dosen\Anylabel\Dataset\gohjinyu-oilpalm-ffb-dataset-d66eb99\ffb-localization\depth_maps\depth_0338.png,1280
16,1,0,grayscale,1846963,depth_0339.png,720,D:\Work\Assisten Dosen\Anylabel\Dataset\gohjinyu-oilpalm-ffb-dataset-d66eb99\ffb-localization\depth_maps\depth_0339.png,1280
16,1,0,grayscale,1846963,depth_0340.png,720,D:\Work\Assisten Dosen\Anylabel\Dataset\gohjinyu-oilpalm-ffb-dataset-d66eb99\ffb-localization\depth_maps\depth_0340.png,1280
16,1,0,grayscale,1846963,depth_0341.png,720,D:\Work\Assisten Dosen\Anylabel\Dataset\gohjinyu-oilpalm-ffb-dataset-d66eb99\ffb-localization\depth_maps\depth_0341.png,1280
16,1,0,grayscale,1846963,depth_0342.png,720,D:\Work\Assisten Dosen\Anylabel\Dataset\gohjinyu-oilpalm-ffb-dataset-d66eb99\ffb-localization\depth_maps\depth_0342.png,1280
16,1,0,grayscale,1846963,depth_0343.png,720,D:\Work\Assisten Dosen\Anylabel\Dataset\gohjinyu-oilpalm-ffb-dataset-d66eb99\ffb-localization\depth_maps\depth_0343.png,1280
16,1,0,grayscale,1846963,depth_0344.png,720,D:\Work\Assisten Dosen\Anylabel\Dataset\gohjinyu-oilpalm-ffb-dataset-d66eb99\ffb-localization\depth_maps\depth_0344.png,1280
16,1,0,grayscale,1846963,depth_0345.png,720,D:\Work\Assisten Dosen\Anylabel\Dataset\gohjinyu-oilpalm-ffb-dataset-d66eb99\ffb-localization\depth_maps\depth_0345.png,1280
16,1,0,grayscale,1846963,depth_0346.png,720,D:\Work\Assisten Dosen\Anylabel\Dataset\gohjinyu-oilpalm-ffb-dataset-d66eb99\ffb-localization\depth_maps\depth_0346.png,1280
16,1,0,grayscale,1846963,depth_0347.png,720,D:\Work\Assisten Dosen\Anylabel\Dataset\gohjinyu-oilpalm-ffb-dataset-d66eb99\ffb-localization\depth_maps\depth_0347.png,1280
16,1,0,grayscale,1846963,depth_0348.png,720,D:\Work\Assisten Dosen\Anylabel\Dataset\gohjinyu-oilpalm-ffb-dataset-d66eb99\ffb-localization\depth_maps\depth_0348.png,1280
16,1,0,grayscale,1846963,depth_0349.png,720,D:\Work\Assisten Dosen\Anylabel\Dataset\gohjinyu-oilpalm-ffb-dataset-d66eb99\ffb-localization\depth_maps\depth_0349.png,1280
16,1,0,grayscale,1846963,depth_0350.png,720,D:\Work\Assisten Dosen\Anylabel\Dataset\gohjinyu-oilpalm-ffb-dataset-d66eb99\ffb-localization\depth_maps\depth_0350.png,1280
16,1,0,grayscale,1846963,depth_0351.png,720,D:\Work\Assisten Dosen\Anylabel\Dataset\gohjinyu-oilpalm-ffb-dataset-d66eb99\ffb-localization\depth_maps\depth_0351.png,1280
16,1,0,grayscale,1846963,depth_0352.png,720,D:\Work\Assisten Dosen\Anylabel\Dataset\gohjinyu-oilpalm-ffb-dataset-d66eb99\ffb-localization\depth_maps\depth_0352.png,1280
16,1,0,grayscale,1846963,depth_0353.png,720,D:\Work\Assisten Dosen\Anylabel\Dataset\gohjinyu-oilpalm-ffb-dataset-d66eb99\ffb-localization\depth_maps\depth_0353.png,1280
16,1,0,grayscale,1846963,depth_0354.png,720,D:\Work\Assisten Dosen\Anylabel\Dataset\gohjinyu-oilpalm-ffb-dataset-d66eb99\ffb-localization\depth_maps\depth_0354.png,1280
16,1,0,grayscale,1846963,depth_0355.png,720,D:\Work\Assisten Dosen\Anylabel\Dataset\gohjinyu-oilpalm-ffb-dataset-d66eb99\ffb-localization\depth_maps\depth_0355.png,1280
16,1,0,grayscale,1846963,depth_0356.png,720,D:\Work\Assisten Dosen\Anylabel\Dataset\gohjinyu-oilpalm-ffb-dataset-d66eb99\ffb-localization\depth_maps\depth_0356.png,1280
16,1,0,grayscale,1846963,depth_0357.png,720,D:\Work\Assisten Dosen\Anylabel\Dataset\gohjinyu-oilpalm-ffb-dataset-d66eb99\ffb-localization\depth_maps\depth_0357.png,1280
16,1,0,grayscale,1846963,depth_0358.png,720,D:\Work\Assisten Dosen\Anylabel\Dataset\gohjinyu-oilpalm-ffb-dataset-d66eb99\ffb-localization\depth_maps\depth_0358.png,1280
16,1,0,grayscale,1846963,depth_0359.png,720,D:\Work\Assisten Dosen\Anylabel\Dataset\gohjinyu-oilpalm-ffb-dataset-d66eb99\ffb-localization\depth_maps\depth_0359.png,1280
16,1,0,grayscale,1846963,depth_0360.png,720,D:\Work\Assisten Dosen\Anylabel\Dataset\gohjinyu-oilpalm-ffb-dataset-d66eb99\ffb-localization\depth_maps\depth_0360.png,1280
16,1,0,grayscale,1846963,depth_0361.png,720,D:\Work\Assisten Dosen\Anylabel\Dataset\gohjinyu-oilpalm-ffb-dataset-d66eb99\ffb-localization\depth_maps\depth_0361.png,1280
16,1,0,grayscale,1846963,depth_0362.png,720,D:\Work\Assisten Dosen\Anylabel\Dataset\gohjinyu-oilpalm-ffb-dataset-d66eb99\ffb-localization\depth_maps\depth_0362.png,1280
16,1,0,grayscale,1846963,depth_0363.png,720,D:\Work\Assisten Dosen\Anylabel\Dataset\gohjinyu-oilpalm-ffb-dataset-d66eb99\ffb-localization\depth_maps\depth_0363.png,1280
16,1,0,grayscale,1846963,depth_0364.png,720,D:\Work\Assisten Dosen\Anylabel\Dataset\gohjinyu-oilpalm-ffb-dataset-d66eb99\ffb-localization\depth_maps\depth_0364.png,1280
16,1,0,grayscale,1846963,depth_0365.png,720,D:\Work\Assisten Dosen\Anylabel\Dataset\gohjinyu-oilpalm-ffb-dataset-d66eb99\ffb-localization\depth_maps\depth_0365.png,1280
16,1,0,grayscale,1846963,depth_0366.png,720,D:\Work\Assisten Dosen\Anylabel\Dataset\gohjinyu-oilpalm-ffb-dataset-d66eb99\ffb-localization\depth_maps\depth_0366.png,1280
16,1,0,grayscale,1846963,depth_0367.png,720,D:\Work\Assisten Dosen\Anylabel\Dataset\gohjinyu-oilpalm-ffb-dataset-d66eb99\ffb-localization\depth_maps\depth_0367.png,1280
16,1,0,grayscale,1846963,depth_0368.png,720,D:\Work\Assisten Dosen\Anylabel\Dataset\gohjinyu-oilpalm-ffb-dataset-d66eb99\ffb-localization\depth_maps\depth_0368.png,1280
16,1,0,grayscale,1846963,depth_0369.png,720,D:\Work\Assisten Dosen\Anylabel\Dataset\gohjinyu-oilpalm-ffb-dataset-d66eb99\ffb-localization\depth_maps\depth_0369.png,1280
16,1,0,grayscale,1846963,depth_0370.png,720,D:\Work\Assisten Dosen\Anylabel\Dataset\gohjinyu-oilpalm-ffb-dataset-d66eb99\ffb-localization\depth_maps\depth_0370.png,1280
16,1,0,grayscale,1846963,depth_0371.png,720,D:\Work\Assisten Dosen\Anylabel\Dataset\gohjinyu-oilpalm-ffb-dataset-d66eb99\ffb-localization\depth_maps\depth_0371.png,1280
16,1,0,grayscale,1846963,depth_0372.png,720,D:\Work\Assisten Dosen\Anylabel\Dataset\gohjinyu-oilpalm-ffb-dataset-d66eb99\ffb-localization\depth_maps\depth_0372.png,1280
16,1,0,grayscale,1846963,depth_0373.png,720,D:\Work\Assisten Dosen\Anylabel\Dataset\gohjinyu-oilpalm-ffb-dataset-d66eb99\ffb-localization\depth_maps\depth_0373.png,1280
16,1,0,grayscale,1846963,depth_0374.png,720,D:\Work\Assisten Dosen\Anylabel\Dataset\gohjinyu-oilpalm-ffb-dataset-d66eb99\ffb-localization\depth_maps\depth_0374.png,1280
16,1,0,grayscale,1846963,depth_0375.png,720,D:\Work\Assisten Dosen\Anylabel\Dataset\gohjinyu-oilpalm-ffb-dataset-d66eb99\ffb-localization\depth_maps\depth_0375.png,1280
16,1,0,grayscale,1846963,depth_0376.png,720,D:\Work\Assisten Dosen\Anylabel\Dataset\gohjinyu-oilpalm-ffb-dataset-d66eb99\ffb-localization\depth_maps\depth_0376.png,1280
16,1,0,grayscale,1846963,depth_0377.png,720,D:\Work\Assisten Dosen\Anylabel\Dataset\gohjinyu-oilpalm-ffb-dataset-d66eb99\ffb-localization\depth_maps\depth_0377.png,1280
16,1,0,grayscale,1846963,depth_0378.png,720,D:\Work\Assisten Dosen\Anylabel\Dataset\gohjinyu-oilpalm-ffb-dataset-d66eb99\ffb-localization\depth_maps\depth_0378.png,1280
16,1,0,grayscale,1846963,depth_0379.png,720,D:\Work\Assisten Dosen\Anylabel\Dataset\gohjinyu-oilpalm-ffb-dataset-d66eb99\ffb-localization\depth_maps\depth_0379.png,1280
16,1,0,grayscale,1846963,depth_0380.png,720,D:\Work\Assisten Dosen\Anylabel\Dataset\gohjinyu-oilpalm-ffb-dataset-d66eb99\ffb-localization\depth_maps\depth_0380.png,1280
16,1,0,grayscale,1846963,depth_0381.png,720,D:\Work\Assisten Dosen\Anylabel\Dataset\gohjinyu-oilpalm-ffb-dataset-d66eb99\ffb-localization\depth_maps\depth_0381.png,1280
16,1,0,grayscale,1846963,depth_0382.png,720,D:\Work\Assisten Dosen\Anylabel\Dataset\gohjinyu-oilpalm-ffb-dataset-d66eb99\ffb-localization\depth_maps\depth_0382.png,1280
16,1,0,grayscale,1846963,depth_0383.png,720,D:\Work\Assisten Dosen\Anylabel\Dataset\gohjinyu-oilpalm-ffb-dataset-d66eb99\ffb-localization\depth_maps\depth_0383.png,1280
16,1,0,grayscale,1846963,depth_0384.png,720,D:\Work\Assisten Dosen\Anylabel\Dataset\gohjinyu-oilpalm-ffb-dataset-d66eb99\ffb-localization\depth_maps\depth_0384.png,1280
16,1,0,grayscale,1846963,depth_0385.png,720,D:\Work\Assisten Dosen\Anylabel\Dataset\gohjinyu-oilpalm-ffb-dataset-d66eb99\ffb-localization\depth_maps\depth_0385.png,1280
16,1,0,grayscale,1846963,depth_0386.png,720,D:\Work\Assisten Dosen\Anylabel\Dataset\gohjinyu-oilpalm-ffb-dataset-d66eb99\ffb-localization\depth_maps\depth_0386.png,1280
16,1,0,grayscale,1846963,depth_0387.png,720,D:\Work\Assisten Dosen\Anylabel\Dataset\gohjinyu-oilpalm-ffb-dataset-d66eb99\ffb-localization\depth_maps\depth_0387.png,1280
16,1,0,grayscale,1846963,depth_0388.png,720,D:\Work\Assisten Dosen\Anylabel\Dataset\gohjinyu-oilpalm-ffb-dataset-d66eb99\ffb-localization\depth_maps\depth_0388.png,1280
16,1,0,grayscale,1846963,depth_0389.png,720,D:\Work\Assisten Dosen\Anylabel\Dataset\gohjinyu-oilpalm-ffb-dataset-d66eb99\ffb-localization\depth_maps\depth_0389.png,1280
16,1,0,grayscale,1846963,depth_0390.png,720,D:\Work\Assisten Dosen\Anylabel\Dataset\gohjinyu-oilpalm-ffb-dataset-d66eb99\ffb-localization\depth_maps\depth_0390.png,1280
16,1,0,grayscale,1846963,depth_0391.png,720,D:\Work\Assisten Dosen\Anylabel\Dataset\gohjinyu-oilpalm-ffb-dataset-d66eb99\ffb-localization\depth_maps\depth_0391.png,1280
16,1,0,grayscale,1846963,depth_0392.png,720,D:\Work\Assisten Dosen\Anylabel\Dataset\gohjinyu-oilpalm-ffb-dataset-d66eb99\ffb-localization\depth_maps\depth_0392.png,1280
16,1,0,grayscale,1846963,depth_0393.png,720,D:\Work\Assisten Dosen\Anylabel\Dataset\gohjinyu-oilpalm-ffb-dataset-d66eb99\ffb-localization\depth_maps\depth_0393.png,1280
16,1,0,grayscale,1846963,depth_0394.png,720,D:\Work\Assisten Dosen\Anylabel\Dataset\gohjinyu-oilpalm-ffb-dataset-d66eb99\ffb-localization\depth_maps\depth_0394.png,1280
16,1,0,grayscale,1846963,depth_0395.png,720,D:\Work\Assisten Dosen\Anylabel\Dataset\gohjinyu-oilpalm-ffb-dataset-d66eb99\ffb-localization\depth_maps\depth_0395.png,1280
16,1,0,grayscale,1846963,depth_0396.png,720,D:\Work\Assisten Dosen\Anylabel\Dataset\gohjinyu-oilpalm-ffb-dataset-d66eb99\ffb-localization\depth_maps\depth_0396.png,1280
16,1,0,grayscale,1846963,depth_0397.png,720,D:\Work\Assisten Dosen\Anylabel\Dataset\gohjinyu-oilpalm-ffb-dataset-d66eb99\ffb-localization\depth_maps\depth_0397.png,1280
16,1,0,grayscale,1846963,depth_0398.png,720,D:\Work\Assisten Dosen\Anylabel\Dataset\gohjinyu-oilpalm-ffb-dataset-d66eb99\ffb-localization\depth_maps\depth_0398.png,1280
16,1,0,grayscale,1846963,depth_0399.png,720,D:\Work\Assisten Dosen\Anylabel\Dataset\gohjinyu-oilpalm-ffb-dataset-d66eb99\ffb-localization\depth_maps\depth_0399.png,1280
