depth,has_depth,has_metadata,has_point_cloud,has_rgb,id,metadata_depth,metadata_point_cloud,metadata_rgb,metadata_timestamp,point_cloud,rgb
depth_0000.png,1,0,1,1,0,,,,,point_cloud_0000.ply,rgb_0000.png
depth_0001.png,1,0,1,1,1,,,,,point_cloud_0001.ply,rgb_0001.png
depth_0002.png,1,0,1,1,2,,,,,point_cloud_0002.ply,rgb_0002.png
depth_0003.png,1,0,1,1,3,,,,,point_cloud_0003.ply,rgb_0003.png
depth_0004.png,1,0,1,1,4,,,,,point_cloud_0004.ply,rgb_0004.png
depth_0005.png,1,0,1,1,5,,,,,point_cloud_0005.ply,rgb_0005.png
depth_0006.png,1,0,1,1,6,,,,,point_cloud_0006.ply,rgb_0006.png
depth_0007.png,1,0,1,1,7,,,,,point_cloud_0007.ply,rgb_0007.png
depth_0008.png,1,0,1,1,8,,,,,point_cloud_0008.ply,rgb_0008.png
depth_0009.png,1,0,1,1,9,,,,,point_cloud_0009.ply,rgb_0009.png
depth_0010.png,1,1,1,1,10,depth_0010.png,point_cloud_0010.ply,rgb_0010.png,1730507897280,point_cloud_0010.ply,rgb_0010.png
depth_0011.png,1,1,1,1,11,depth_0011.png,point_cloud_0011.ply,rgb_0011.png,1730507914253,point_cloud_0011.ply,rgb_0011.png
depth_0012.png,1,1,1,1,12,depth_0012.png,point_cloud_0012.ply,rgb_0012.png,1730507933861,point_cloud_0012.ply,rgb_0012.png
depth_0013.png,1,1,1,1,13,depth_0013.png,point_cloud_0013.ply,rgb_0013.png,1730507946400,point_cloud_0013.ply,rgb_0013.png
depth_0014.png,1,1,1,1,14,depth_0014.png,point_cloud_0014.ply,rgb_0014.png,1730507965408,point_cloud_0014.ply,rgb_0014.png
depth_0015.png,1,1,1,1,15,depth_0015.png,point_cloud_0015.ply,rgb_0015.png,1730507994828,point_cloud_0015.ply,rgb_0015.png
depth_0016.png,1,1,1,1,16,depth_0016.png,point_cloud_0016.ply,rgb_0016.png,1730508015931,point_cloud_0016.ply,rgb_0016.png
depth_0017.png,1,1,1,1,17,depth_0017.png,point_cloud_0017.ply,rgb_0017.png,1730508043943,point_cloud_0017.ply,rgb_0017.png
depth_0018.png,1,1,1,1,18,depth_0018.png,point_cloud_0018.ply,rgb_0018.png,1730508060650,point_cloud_0018.ply,rgb_0018.png
depth_0019.png,1,1,1,1,19,depth_0019.png,point_cloud_0019.ply,rgb_0019.png,1730508097733,point_cloud_0019.ply,rgb_0019.png
depth_0020.png,1,1,1,1,20,depth_0020.png,point_cloud_0020.ply,rgb_0020.png,1730508105870,point_cloud_0020.ply,rgb_0020.png
depth_0021.png,1,1,1,1,21,depth_0021.png,point_cloud_0021.ply,rgb_0021.png,1730508128080,point_cloud_0021.ply,rgb_0021.png
depth_0022.png,1,1,1,1,22,depth_0022.png,point_cloud_0022.ply,rgb_0022.png,1730508135950,point_cloud_0022.ply,rgb_0022.png
depth_0023.png,1,1,1,1,23,depth_0023.png,point_cloud_0023.ply,rgb_0023.png,1730508145420,point_cloud_0023.ply,rgb_0023.png
depth_0024.png,1,1,1,1,24,depth_0024.png,point_cloud_0024.ply,rgb_0024.png,1730508151524,point_cloud_0024.ply,rgb_0024.png
depth_0025.png,1,1,1,1,25,depth_0025.png,point_cloud_0025.ply,rgb_0025.png,1730508165696,point_cloud_0025.ply,rgb_0025.png
depth_0026.png,1,1,1,1,26,depth_0026.png,point_cloud_0026.ply,rgb_0026.png,1730508171998,point_cloud_0026.ply,rgb_0026.png
depth_0027.png,1,1,1,1,27,depth_0027.png,point_cloud_0027.ply,rgb_0027.png,1730508176600,point_cloud_0027.ply,rgb_0027.png
depth_0028.png,1,1,1,1,28,depth_0028.png,point_cloud_0028.ply,rgb_0028.png,1730508182971,point_cloud_0028.ply,rgb_0028.png
depth_0029.png,1,1,1,1,29,depth_0029.png,point_cloud_0029.ply,rgb_0029.png,1730508189107,point_cloud_0029.ply,rgb_0029.png
depth_0030.png,1,1,1,1,30,depth_0030.png,point_cloud_0030.ply,rgb_0030.png,1730508194076,point_cloud_0030.ply,rgb_0030.png
depth_0031.png,1,1,1,1,31,depth_0031.png,point_cloud_0031.ply,rgb_0031.png,1730508205814,point_cloud_0031.ply,rgb_0031.png
depth_0032.png,1,1,1,1,32,depth_0032.png,point_cloud_0032.ply,rgb_0032.png,1730508212017,point_cloud_0032.ply,rgb_0032.png
depth_0033.png,1,1,1,1,33,depth_0033.png,point_cloud_0033.ply,rgb_0033.png,1730508216885,point_cloud_0033.ply,rgb_0033.png
depth_0034.png,1,1,1,1,34,depth_0034.png,point_cloud_0034.ply,rgb_0034.png,1730508222487,point_cloud_0034.ply,rgb_0034.png
depth_0035.png,1,1,1,1,35,depth_0035.png,point_cloud_0035.ply,rgb_0035.png,1730508252034,point_cloud_0035.ply,rgb_0035.png
depth_0036.png,1,1,1,1,36,depth_0036.png,point_cloud_0036.ply,rgb_0036.png,1730508260271,point_cloud_0036.ply,rgb_0036.png
depth_0037.png,1,1,1,1,37,depth_0037.png,point_cloud_0037.ply,rgb_0037.png,1730508274877,point_cloud_0037.ply,rgb_0037.png
depth_0038.png,1,1,1,1,38,depth_0038.png,point_cloud_0038.ply,rgb_0038.png,1730508283914,point_cloud_0038.ply,rgb_0038.png
depth_0039.png,1,1,1,1,39,depth_0039.png,point_cloud_0039.ply,rgb_0039.png,1730508304491,point_cloud_0039.ply,rgb_0039.png
depth_0040.png,1,1,1,1,40,depth_0040.png,point_cloud_0040.ply,rgb_0040.png,1730508313895,point_cloud_0040.ply,rgb_0040.png
depth_0041.png,1,1,1,1,41,depth_0041.png,point_cloud_0041.ply,rgb_0041.png,1730508321532,point_cloud_0041.ply,rgb_0041.png
depth_0042.png,1,1,1,1,42,depth_0042.png,point_cloud_0042.ply,rgb_0042.png,1730508328934,point_cloud_0042.ply,rgb_0042.png
depth_0043.png,1,1,1,1,43,depth_0043.png,point_cloud_0043.ply,rgb_0043.png,1730508340539,point_cloud_0043.ply,rgb_0043.png
depth_0044.png,1,1,1,1,44,depth_0044.png,point_cloud_0044.ply,rgb_0044.png,1730508347843,point_cloud_0044.ply,rgb_0044.png
depth_0045.png,1,1,1,1,45,depth_0045.png,point_cloud_0045.ply,rgb_0045.png,1730508362018,point_cloud_0045.ply,rgb_0045.png
depth_0046.png,1,1,1,1,46,depth_0046.png,point_cloud_0046.ply,rgb_0046.png,1730508376989,point_cloud_0046.ply,rgb_0046.png
depth_0047.png,1,1,1,1,47,depth_0047.png,point_cloud_0047.ply,rgb_0047.png,1730508384959,point_cloud_0047.ply,rgb_0047.png
depth_0048.png,1,1,1,1,48,depth_0048.png,point_cloud_0048.ply,rgb_0048.png,1730508392396,point_cloud_0048.ply,rgb_0048.png
depth_0049.png,1,1,1,1,49,depth_0049.png,point_cloud_0049.ply,rgb_0049.png,1730508409104,point_cloud_0049.ply,rgb_0049.png
depth_0050.png,1,1,1,1,50,depth_0050.png,point_cloud_0050.ply,rgb_0050.png,1730508423876,point_cloud_0050.ply,rgb_0050.png
depth_0051.png,1,1,1,1,51,depth_0051.png,point_cloud_0051.ply,rgb_0051.png,1730508436114,point_cloud_0051.ply,rgb_0051.png
depth_0052.png,1,1,1,1,52,depth_0052.png,point_cloud_0052.ply,rgb_0052.png,1730508445057,point_cloud_0052.ply,rgb_0052.png
depth_0053.png,1,1,1,1,53,depth_0053.png,point_cloud_0053.ply,rgb_0053.png,1730508454857,point_cloud_0053.ply,rgb_0053.png
depth_0054.png,1,1,1,1,54,depth_0054.png,point_cloud_0054.ply,rgb_0054.png,1730508464694,point_cloud_0054.ply,rgb_0054.png
depth_0055.png,1,1,1,1,55,depth_0055.png,point_cloud_0055.ply,rgb_0055.png,1730508481668,point_cloud_0055.ply,rgb_0055.png
depth_0056.png,1,1,1,1,56,depth_0056.png,point_cloud_0056.ply,rgb_0056.png,1730508488303,point_cloud_0056.ply,rgb_0056.png
depth_0057.png,1,1,1,1,57,depth_0057.png,point_cloud_0057.ply,rgb_0057.png,1730508496175,point_cloud_0057.ply,rgb_0057.png
depth_0058.png,1,1,1,1,58,depth_0058.png,point_cloud_0058.ply,rgb_0058.png,1730508503911,point_cloud_0058.ply,rgb_0058.png
depth_0059.png,1,1,1,1,59,depth_0059.png,point_cloud_0059.ply,rgb_0059.png,1730508545663,point_cloud_0059.ply,rgb_0059.png
depth_0060.png,1,1,1,1,60,depth_0060.png,point_cloud_0060.ply,rgb_0060.png,1730508551932,point_cloud_0060.ply,rgb_0060.png
depth_0061.png,1,1,1,1,61,depth_0061.png,point_cloud_0061.ply,rgb_0061.png,1730508559269,point_cloud_0061.ply,rgb_0061.png
depth_0062.png,1,1,1,1,62,depth_0062.png,point_cloud_0062.ply,rgb_0062.png,1730508583481,point_cloud_0062.ply,rgb_0062.png
depth_0063.png,1,1,1,1,63,depth_0063.png,point_cloud_0063.ply,rgb_0063.png,1730508590616,point_cloud_0063.ply,rgb_0063.png
depth_0064.png,1,1,1,1,64,depth_0064.png,point_cloud_0064.ply,rgb_0064.png,1730508608158,point_cloud_0064.ply,rgb_0064.png
depth_0065.png,1,1,1,1,65,depth_0065.png,point_cloud_0065.ply,rgb_0065.png,1730508615593,point_cloud_0065.ply,rgb_0065.png
depth_0066.png,1,1,1,1,66,depth_0066.png,point_cloud_0066.ply,rgb_0066.png,1730508622130,point_cloud_0066.ply,rgb_0066.png
depth_0067.png,1,1,1,1,67,depth_0067.png,point_cloud_0067.ply,rgb_0067.png,1730508628232,point_cloud_0067.ply,rgb_0067.png
depth_0068.png,1,1,1,1,68,depth_0068.png,point_cloud_0068.ply,rgb_0068.png,1730508634135,point_cloud_0068.ply,rgb_0068.png
depth_0069.png,1,1,1,1,69,depth_0069.png,point_cloud_0069.ply,rgb_0069.png,1730508643872,point_cloud_0069.ply,rgb_0069.png
depth_0070.png,1,1,1,1,70,depth_0070.png,point_cloud_0070.ply,rgb_0070.png,1730508650076,point_cloud_0070.ply,rgb_0070.png
depth_0071.png,1,1,1,1,71,depth_0071.png,point_cloud_0071.ply,rgb_0071.png,1730508655478,point_cloud_0071.ply,rgb_0071.png
depth_0072.png,1,1,1,1,72,depth_0072.png,point_cloud_0072.ply,rgb_0072.png,1730508660123,point_cloud_0072.ply,rgb_0072.png
depth_0073.png,1,1,1,1,73,depth_0073.png,point_cloud_0073.ply,rgb_0073.png,1730508666559,point_cloud_0073.ply,rgb_0073.png
depth_0074.png,1,1,1,1,74,depth_0074.png,point_cloud_0074.ply,rgb_0074.png,1730508674796,point_cloud_0074.ply,rgb_0074.png
depth_0075.png,1,1,1,1,75,depth_0075.png,point_cloud_0075.ply,rgb_0075.png,1730508681231,point_cloud_0075.ply,rgb_0075.png
depth_0076.png,1,1,1,1,76,depth_0076.png,point_cloud_0076.ply,rgb_0076.png,1730508701808,point_cloud_0076.ply,rgb_0076.png
depth_0077.png,1,1,1,1,77,depth_0077.png,point_cloud_0077.ply,rgb_0077.png,1730508712913,point_cloud_0077.ply,rgb_0077.png
depth_0078.png,1,1,1,1,78,depth_0078.png,point_cloud_0078.ply,rgb_0078.png,1730508719489,point_cloud_0078.ply,rgb_0078.png
depth_0079.png,1,1,1,1,79,depth_0079.png,point_cloud_0079.ply,rgb_0079.png,1730508735956,point_cloud_0079.ply,rgb_0079.png
depth_0080.png,1,1,1,1,80,depth_0080.png,point_cloud_0080.ply,rgb_0080.png,1730508750996,point_cloud_0080.ply,rgb_0080.png
depth_0081.png,1,1,1,1,81,depth_0081.png,point_cloud_0081.ply,rgb_0081.png,1730508758703,point_cloud_0081.ply,rgb_0081.png
depth_0082.png,1,1,1,1,82,depth_0082.png,point_cloud_0082.ply,rgb_0082.png,1730508765836,point_cloud_0082.ply,rgb_0082.png
depth_0083.png,1,1,1,1,83,depth_0083.png,point_cloud_0083.ply,rgb_0083.png,1730508775543,point_cloud_0083.ply,rgb_0083.png
depth_0084.png,1,1,1,1,84,depth_0084.png,point_cloud_0084.ply,rgb_0084.png,1730508781578,point_cloud_0084.ply,rgb_0084.png
depth_0085.png,1,1,1,1,85,depth_0085.png,point_cloud_0085.ply,rgb_0085.png,1730508789115,point_cloud_0085.ply,rgb_0085.png
depth_0086.png,1,1,1,1,86,depth_0086.png,point_cloud_0086.ply,rgb_0086.png,1730508795749,point_cloud_0086.ply,rgb_0086.png
depth_0087.png,1,1,1,1,87,depth_0087.png,point_cloud_0087.ply,rgb_0087.png,1730508806487,point_cloud_0087.ply,rgb_0087.png
depth_0088.png,1,1,1,1,88,depth_0088.png,point_cloud_0088.ply,rgb_0088.png,1730508816190,point_cloud_0088.ply,rgb_0088.png
depth_0089.png,1,1,1,1,89,depth_0089.png,point_cloud_0089.ply,rgb_0089.png,1730508826595,point_cloud_0089.ply,rgb_0089.png
depth_0090.png,1,1,1,1,90,depth_0090.png,point_cloud_0090.ply,rgb_0090.png,1730508850873,point_cloud_0090.ply,rgb_0090.png
depth_0091.png,1,1,1,1,91,depth_0091.png,point_cloud_0091.ply,rgb_0091.png,1730508856942,point_cloud_0091.ply,rgb_0091.png
depth_0092.png,1,1,1,1,92,depth_0092.png,point_cloud_0092.ply,rgb_0092.png,1730508864512,point_cloud_0092.ply,rgb_0092.png
depth_0093.png,1,1,1,1,93,depth_0093.png,point_cloud_0093.ply,rgb_0093.png,1730508872449,point_cloud_0093.ply,rgb_0093.png
depth_0094.png,1,1,1,1,94,depth_0094.png,point_cloud_0094.ply,rgb_0094.png,1730508878152,point_cloud_0094.ply,rgb_0094.png
depth_0095.png,1,1,1,1,95,depth_0095.png,point_cloud_0095.ply,rgb_0095.png,1730508892391,point_cloud_0095.ply,rgb_0095.png
depth_0096.png,1,1,1,1,96,depth_0096.png,point_cloud_0096.ply,rgb_0096.png,1730508899664,point_cloud_0096.ply,rgb_0096.png
depth_0097.png,1,1,1,1,97,depth_0097.png,point_cloud_0097.ply,rgb_0097.png,1730508914368,point_cloud_0097.ply,rgb_0097.png
depth_0098.png,1,1,1,1,98,depth_0098.png,point_cloud_0098.ply,rgb_0098.png,1730508919902,point_cloud_0098.ply,rgb_0098.png
depth_0099.png,1,1,1,1,99,depth_0099.png,point_cloud_0099.ply,rgb_0099.png,1730508935943,point_cloud_0099.ply,rgb_0099.png
depth_0100.png,1,1,1,1,100,depth_0100.png,point_cloud_0100.ply,rgb_0100.png,1730508958485,point_cloud_0100.ply,rgb_0100.png
depth_0101.png,1,1,1,1,101,depth_0101.png,point_cloud_0101.ply,rgb_0101.png,1730508964589,point_cloud_0101.ply,rgb_0101.png
depth_0102.png,1,1,1,1,102,depth_0102.png,point_cloud_0102.ply,rgb_0102.png,1730508972627,point_cloud_0102.ply,rgb_0102.png
depth_0103.png,1,1,1,1,103,depth_0103.png,point_cloud_0103.ply,rgb_0103.png,1730508979696,point_cloud_0103.ply,rgb_0103.png
depth_0104.png,1,1,1,1,104,depth_0104.png,point_cloud_0104.ply,rgb_0104.png,1730508986134,point_cloud_0104.ply,rgb_0104.png
depth_0105.png,1,1,1,1,105,depth_0105.png,point_cloud_0105.ply,rgb_0105.png,1730508991004,point_cloud_0105.ply,rgb_0105.png
depth_0106.png,1,1,1,1,106,depth_0106.png,point_cloud_0106.ply,rgb_0106.png,1730508996671,point_cloud_0106.ply,rgb_0106.png
depth_0107.png,1,1,1,1,107,depth_0107.png,point_cloud_0107.ply,rgb_0107.png,1730509002006,point_cloud_0107.ply,rgb_0107.png
depth_0108.png,1,1,1,1,108,depth_0108.png,point_cloud_0108.ply,rgb_0108.png,1730509020214,point_cloud_0108.ply,rgb_0108.png
depth_0109.png,1,1,1,1,109,depth_0109.png,point_cloud_0109.ply,rgb_0109.png,1730509027418,point_cloud_0109.ply,rgb_0109.png
depth_0110.png,1,1,1,1,110,depth_0110.png,point_cloud_0110.ply,rgb_0110.png,1730509032987,point_cloud_0110.ply,rgb_0110.png
depth_0111.png,1,1,1,1,111,depth_0111.png,point_cloud_0111.ply,rgb_0111.png,1730509039365,point_cloud_0111.ply,rgb_0111.png
depth_0112.png,1,1,1,1,112,depth_0112.png,point_cloud_0112.ply,rgb_0112.png,1730509052763,point_cloud_0112.ply,rgb_0112.png
depth_0113.png,1,1,1,1,113,depth_0113.png,point_cloud_0113.ply,rgb_0113.png,1730509057601,point_cloud_0113.ply,rgb_0113.png
depth_0114.png,1,1,1,1,114,depth_0114.png,point_cloud_0114.ply,rgb_0114.png,1730509063335,point_cloud_0114.ply,rgb_0114.png
depth_0115.png,1,1,1,1,115,depth_0115.png,point_cloud_0115.ply,rgb_0115.png,1730509068603,point_cloud_0115.ply,rgb_0115.png
depth_0116.png,1,1,1,1,116,depth_0116.png,point_cloud_0116.ply,rgb_0116.png,1730509074038,point_cloud_0116.ply,rgb_0116.png
depth_0117.png,1,1,1,1,117,depth_0117.png,point_cloud_0117.ply,rgb_0117.png,1730509080908,point_cloud_0117.ply,rgb_0117.png
depth_0118.png,1,1,1,1,118,depth_0118.png,point_cloud_0118.ply,rgb_0118.png,1730509096915,point_cloud_0118.ply,rgb_0118.png
depth_0119.png,1,1,1,1,119,depth_0119.png,point_cloud_0119.ply,rgb_0119.png,1730509102917,point_cloud_0119.ply,rgb_0119.png
depth_0120.png,1,1,1,1,120,depth_0120.png,point_cloud_0120.ply,rgb_0120.png,1730509108553,point_cloud_0120.ply,rgb_0120.png
depth_0121.png,1,1,1,1,121,depth_0121.png,point_cloud_0121.ply,rgb_0121.png,1730509116691,point_cloud_0121.ply,rgb_0121.png
depth_0122.png,1,1,1,1,122,depth_0122.png,point_cloud_0122.ply,rgb_0122.png,1730509125761,point_cloud_0122.ply,rgb_0122.png
depth_0123.png,1,1,1,1,123,depth_0123.png,point_cloud_0123.ply,rgb_0123.png,1730509158275,point_cloud_0123.ply,rgb_0123.png
depth_0124.png,1,1,1,1,124,depth_0124.png,point_cloud_0124.ply,rgb_0124.png,1730509163710,point_cloud_0124.ply,rgb_0124.png
depth_0125.png,1,1,1,1,125,depth_0125.png,point_cloud_0125.ply,rgb_0125.png,1730509172814,point_cloud_0125.ply,rgb_0125.png
depth_0126.png,1,1,1,1,126,depth_0126.png,point_cloud_0126.ply,rgb_0126.png,1730509179219,point_cloud_0126.ply,rgb_0126.png
depth_0127.png,1,1,1,1,127,depth_0127.png,point_cloud_0127.ply,rgb_0127.png,1730509207496,point_cloud_0127.ply,rgb_0127.png
depth_0128.png,1,1,1,1,128,depth_0128.png,point_cloud_0128.ply,rgb_0128.png,1730509214299,point_cloud_0128.ply,rgb_0128.png
depth_0129.png,1,1,1,1,129,depth_0129.png,point_cloud_0129.ply,rgb_0129.png,1730509226742,point_cloud_0129.ply,rgb_0129.png
depth_0130.png,1,1,1,1,130,depth_0130.png,point_cloud_0130.ply,rgb_0130.png,1730509241245,point_cloud_0130.ply,rgb_0130.png
depth_0131.png,1,1,1,1,131,depth_0131.png,point_cloud_0131.ply,rgb_0131.png,1730509249414,point_cloud_0131.ply,rgb_0131.png
depth_0132.png,1,1,1,1,132,depth_0132.png,point_cloud_0132.ply,rgb_0132.png,1730509260787,point_cloud_0132.ply,rgb_0132.png
depth_0133.png,1,1,1,1,133,depth_0133.png,point_cloud_0133.ply,rgb_0133.png,1730509283730,point_cloud_0133.ply,rgb_0133.png
depth_0134.png,1,1,1,1,134,depth_0134.png,point_cloud_0134.ply,rgb_0134.png,1730509289799,point_cloud_0134.ply,rgb_0134.png
depth_0135.png,1,1,1,1,135,depth_0135.png,point_cloud_0135.ply,rgb_0135.png,1730509295202,point_cloud_0135.ply,rgb_0135.png
depth_0136.png,1,1,1,1,136,depth_0136.png,point_cloud_0136.ply,rgb_0136.png,1730509301174,point_cloud_0136.ply,rgb_0136.png
depth_0137.png,1,1,1,1,137,depth_0137.png,point_cloud_0137.ply,rgb_0137.png,1730509307444,point_cloud_0137.ply,rgb_0137.png
depth_0138.png,1,1,1,1,138,depth_0138.png,point_cloud_0138.ply,rgb_0138.png,1730509336620,point_cloud_0138.ply,rgb_0138.png
depth_0139.png,1,1,1,1,139,depth_0139.png,point_cloud_0139.ply,rgb_0139.png,1730509341287,point_cloud_0139.ply,rgb_0139.png
depth_0140.png,1,1,1,1,140,depth_0140.png,point_cloud_0140.ply,rgb_0140.png,1730509347657,point_cloud_0140.ply,rgb_0140.png
depth_0141.png,1,1,1,1,141,depth_0141.png,point_cloud_0141.ply,rgb_0141.png,1730509355660,point_cloud_0141.ply,rgb_0141.png
depth_0142.png,1,1,1,1,142,depth_0142.png,point_cloud_0142.ply,rgb_0142.png,1730509361797,point_cloud_0142.ply,rgb_0142.png
depth_0143.png,1,1,1,1,143,depth_0143.png,point_cloud_0143.ply,rgb_0143.png,1730509367400,point_cloud_0143.ply,rgb_0143.png
depth_0144.png,1,1,1,1,144,depth_0144.png,point_cloud_0144.ply,rgb_0144.png,1730509374137,point_cloud_0144.ply,rgb_0144.png
depth_0145.png,1,1,1,1,145,depth_0145.png,point_cloud_0145.ply,rgb_0145.png,1730509388208,point_cloud_0145.ply,rgb_0145.png
depth_0146.png,1,1,1,1,146,depth_0146.png,point_cloud_0146.ply,rgb_0146.png,1730509394946,point_cloud_0146.ply,rgb_0146.png
depth_0147.png,1,1,1,1,147,depth_0147.png,point_cloud_0147.ply,rgb_0147.png,1730509403883,point_cloud_0147.ply,rgb_0147.png
depth_0148.png,1,1,1,1,148,depth_0148.png,point_cloud_0148.ply,rgb_0148.png,1730509410252,point_cloud_0148.ply,rgb_0148.png
depth_0149.png,1,1,1,1,149,depth_0149.png,point_cloud_0149.ply,rgb_0149.png,1730509418355,point_cloud_0149.ply,rgb_0149.png
depth_0150.png,1,1,1,1,150,depth_0150.png,point_cloud_0150.ply,rgb_0150.png,1730509444536,point_cloud_0150.ply,rgb_0150.png
depth_0151.png,1,1,1,1,151,depth_0151.png,point_cloud_0151.ply,rgb_0151.png,1730509450238,point_cloud_0151.ply,rgb_0151.png
depth_0152.png,1,1,1,1,152,depth_0152.png,point_cloud_0152.ply,rgb_0152.png,1730509456206,point_cloud_0152.ply,rgb_0152.png
depth_0153.png,1,1,1,1,153,depth_0153.png,point_cloud_0153.ply,rgb_0153.png,1730509461074,point_cloud_0153.ply,rgb_0153.png
depth_0154.png,1,1,1,1,154,depth_0154.png,point_cloud_0154.ply,rgb_0154.png,1730509467277,point_cloud_0154.ply,rgb_0154.png
depth_0155.png,1,1,1,1,155,depth_0155.png,point_cloud_0155.ply,rgb_0155.png,1730509478248,point_cloud_0155.ply,rgb_0155.png
depth_0156.png,1,1,1,1,156,depth_0156.png,point_cloud_0156.ply,rgb_0156.png,1730509484018,point_cloud_0156.ply,rgb_0156.png
depth_0157.png,1,1,1,1,157,depth_0157.png,point_cloud_0157.ply,rgb_0157.png,1730509521902,point_cloud_0157.ply,rgb_0157.png
depth_0158.png,1,1,1,1,158,depth_0158.png,point_cloud_0158.ply,rgb_0158.png,1730509534473,point_cloud_0158.ply,rgb_0158.png
depth_0159.png,1,1,1,1,159,depth_0159.png,point_cloud_0159.ply,rgb_0159.png,1730509539976,point_cloud_0159.ply,rgb_0159.png
depth_0160.png,1,1,1,1,160,depth_0160.png,point_cloud_0160.ply,rgb_0160.png,1730509546514,point_cloud_0160.ply,rgb_0160.png
depth_0161.png,1,1,1,1,161,depth_0161.png,point_cloud_0161.ply,rgb_0161.png,1730509552048,point_cloud_0161.ply,rgb_0161.png
depth_0162.png,1,1,1,1,162,depth_0162.png,point_cloud_0162.ply,rgb_0162.png,1730509557583,point_cloud_0162.ply,rgb_0162.png
depth_0163.png,1,1,1,1,163,depth_0163.png,point_cloud_0163.ply,rgb_0163.png,1730509565053,point_cloud_0163.ply,rgb_0163.png
depth_0164.png,1,1,1,1,164,depth_0164.png,point_cloud_0164.ply,rgb_0164.png,1730509591632,point_cloud_0164.ply,rgb_0164.png
depth_0165.png,1,1,1,1,165,depth_0165.png,point_cloud_0165.ply,rgb_0165.png,1730509598301,point_cloud_0165.ply,rgb_0165.png
depth_0166.png,1,1,1,1,166,depth_0166.png,point_cloud_0166.ply,rgb_0166.png,1730509623578,point_cloud_0166.ply,rgb_0166.png
depth_0167.png,1,1,1,1,167,depth_0167.png,point_cloud_0167.ply,rgb_0167.png,1730509630748,point_cloud_0167.ply,rgb_0167.png
depth_0168.png,1,1,1,1,168,depth_0168.png,point_cloud_0168.ply,rgb_0168.png,1730509648358,point_cloud_0168.ply,rgb_0168.png
depth_0169.png,1,1,1,1,169,depth_0169.png,point_cloud_0169.ply,rgb_0169.png,1730509650289,point_cloud_0169.ply,rgb_0169.png
depth_0170.png,1,1,1,1,170,depth_0170.png,point_cloud_0170.ply,rgb_0170.png,1730509653292,point_cloud_0170.ply,rgb_0170.png
depth_0171.png,1,1,1,1,171,depth_0171.png,point_cloud_0171.ply,rgb_0171.png,1730509657626,point_cloud_0171.ply,rgb_0171.png
depth_0172.png,1,1,1,1,172,depth_0172.png,point_cloud_0172.ply,rgb_0172.png,1730509662162,point_cloud_0172.ply,rgb_0172.png
depth_0173.png,1,1,1,1,173,depth_0173.png,point_cloud_0173.ply,rgb_0173.png,1730509665896,point_cloud_0173.ply,rgb_0173.png
depth_0174.png,1,1,1,1,174,depth_0174.png,point_cloud_0174.ply,rgb_0174.png,1730509670019,point_cloud_0174.ply,rgb_0174.png
depth_0175.png,1,1,1,1,175,depth_0175.png,point_cloud_0175.ply,rgb_0175.png,1730509677936,point_cloud_0175.ply,rgb_0175.png
depth_0176.png,1,1,1,1,176,depth_0176.png,point_cloud_0176.ply,rgb_0176.png,1730509712717,point_cloud_0176.ply,rgb_0176.png
depth_0177.png,1,1,1,1,177,depth_0177.png,point_cloud_0177.ply,rgb_0177.png,1730509717853,point_cloud_0177.ply,rgb_0177.png
depth_0178.png,1,1,1,1,178,depth_0178.png,point_cloud_0178.ply,rgb_0178.png,1730509732993,point_cloud_0178.ply,rgb_0178.png
depth_0179.png,1,1,1,1,179,depth_0179.png,point_cloud_0179.ply,rgb_0179.png,1730509738362,point_cloud_0179.ply,rgb_0179.png
depth_0180.png,1,1,1,1,180,depth_0180.png,point_cloud_0180.ply,rgb_0180.png,1730509744398,point_cloud_0180.ply,rgb_0180.png
depth_0181.png,1,1,1,1,181,depth_0181.png,point_cloud_0181.ply,rgb_0181.png,1730509750467,point_cloud_0181.ply,rgb_0181.png
depth_0182.png,1,1,1,1,182,depth_0182.png,point_cloud_0182.ply,rgb_0182.png,1730509765273,point_cloud_0182.ply,rgb_0182.png
depth_0183.png,1,1,1,1,183,depth_0183.png,point_cloud_0183.ply,rgb_0183.png,1730509781014,point_cloud_0183.ply,rgb_0183.png
depth_0184.png,1,1,1,1,184,depth_0184.png,point_cloud_0184.ply,rgb_0184.png,1730509786662,point_cloud_0184.ply,rgb_0184.png
depth_0185.png,1,1,1,1,185,depth_0185.png,point_cloud_0185.ply,rgb_0185.png,1730509803258,point_cloud_0185.ply,rgb_0185.png
depth_0186.png,1,1,1,1,186,depth_0186.png,point_cloud_0186.ply,rgb_0186.png,1730509809127,point_cloud_0186.ply,rgb_0186.png
depth_0187.png,1,1,1,1,187,depth_0187.png,point_cloud_0187.ply,rgb_0187.png,1730509813962,point_cloud_0187.ply,rgb_0187.png
depth_0188.png,1,1,1,1,188,depth_0188.png,point_cloud_0188.ply,rgb_0188.png,1730509833571,point_cloud_0188.ply,rgb_0188.png
depth_0189.png,1,1,1,1,189,depth_0189.png,point_cloud_0189.ply,rgb_0189.png,1730509845476,point_cloud_0189.ply,rgb_0189.png
depth_0190.png,1,1,1,1,190,depth_0190.png,point_cloud_0190.ply,rgb_0190.png,1730509866251,point_cloud_0190.ply,rgb_0190.png
depth_0191.png,1,1,1,1,191,depth_0191.png,point_cloud_0191.ply,rgb_0191.png,1730509897966,point_cloud_0191.ply,rgb_0191.png
depth_0192.png,1,1,1,1,192,depth_0192.png,point_cloud_0192.ply,rgb_0192.png,1730509902802,point_cloud_0192.ply,rgb_0192.png
depth_0193.png,1,1,1,1,193,depth_0193.png,point_cloud_0193.ply,rgb_0193.png,1730509909004,point_cloud_0193.ply,rgb_0193.png
depth_0194.png,1,1,1,1,194,depth_0194.png,point_cloud_0194.ply,rgb_0194.png,1730509917041,point_cloud_0194.ply,rgb_0194.png
depth_0195.png,1,1,1,1,195,depth_0195.png,point_cloud_0195.ply,rgb_0195.png,1730509923910,point_cloud_0195.ply,rgb_0195.png
depth_0196.png,1,1,1,1,196,depth_0196.png,point_cloud_0196.ply,rgb_0196.png,1730509941818,point_cloud_0196.ply,rgb_0196.png
depth_0197.png,1,1,1,1,197,depth_0197.png,point_cloud_0197.ply,rgb_0197.png,1730509971864,point_cloud_0197.ply,rgb_0197.png
depth_0198.png,1,1,1,1,198,depth_0198.png,point_cloud_0198.ply,rgb_0198.png,1730509978502,point_cloud_0198.ply,rgb_0198.png
depth_0199.png,1,1,1,1,199,depth_0199.png,point_cloud_0199.ply,rgb_0199.png,1730509984670,point_cloud_0199.ply,rgb_0199.png
depth_0200.png,1,1,1,1,200,depth_0200.png,point_cloud_0200.ply,rgb_0200.png,1730509990673,point_cloud_0200.ply,rgb_0200.png
depth_0201.png,1,1,1,1,201,depth_0201.png,point_cloud_0201.ply,rgb_0201.png,1730509996540,point_cloud_0201.ply,rgb_0201.png
depth_0202.png,1,1,1,1,202,depth_0202.png,point_cloud_0202.ply,rgb_0202.png,1730510014950,point_cloud_0202.ply,rgb_0202.png
depth_0203.png,1,1,1,1,203,depth_0203.png,point_cloud_0203.ply,rgb_0203.png,1730510022619,point_cloud_0203.ply,rgb_0203.png
depth_0204.png,1,1,1,1,204,depth_0204.png,point_cloud_0204.ply,rgb_0204.png,1730510031492,point_cloud_0204.ply,rgb_0204.png
depth_0205.png,1,1,1,1,205,depth_0205.png,point_cloud_0205.ply,rgb_0205.png,1730510035594,point_cloud_0205.ply,rgb_0205.png
depth_0206.png,1,1,1,1,206,depth_0206.png,point_cloud_0206.ply,rgb_0206.png,1730510039962,point_cloud_0206.ply,rgb_0206.png
depth_0207.png,1,1,1,1,207,depth_0207.png,point_cloud_0207.ply,rgb_0207.png,1730510044765,point_cloud_0207.ply,rgb_0207.png
depth_0208.png,1,1,1,1,208,depth_0208.png,point_cloud_0208.ply,rgb_0208.png,1730510058837,point_cloud_0208.ply,rgb_0208.png
depth_0209.png,1,1,1,1,209,depth_0209.png,point_cloud_0209.ply,rgb_0209.png,1730510066673,point_cloud_0209.ply,rgb_0209.png
depth_0210.png,1,1,1,1,210,depth_0210.png,point_cloud_0210.ply,rgb_0210.png,1730510073543,point_cloud_0210.ply,rgb_0210.png
depth_0211.png,1,1,1,1,211,depth_0211.png,point_cloud_0211.ply,rgb_0211.png,1730510084314,point_cloud_0211.ply,rgb_0211.png
depth_0212.png,1,1,1,1,212,depth_0212.png,point_cloud_0212.ply,rgb_0212.png,1730510088917,point_cloud_0212.ply,rgb_0212.png
depth_0213.png,1,1,1,1,213,depth_0213.png,point_cloud_0213.ply,rgb_0213.png,1730510093054,point_cloud_0213.ply,rgb_0213.png
depth_0214.png,1,1,1,1,214,depth_0214.png,point_cloud_0214.ply,rgb_0214.png,1730510098022,point_cloud_0214.ply,rgb_0214.png
depth_0215.png,1,1,1,1,215,depth_0215.png,point_cloud_0215.ply,rgb_0215.png,1730510103256,point_cloud_0215.ply,rgb_0215.png
depth_0216.png,1,1,1,1,216,depth_0216.png,point_cloud_0216.ply,rgb_0216.png,1730510108596,point_cloud_0216.ply,rgb_0216.png
depth_0217.png,1,1,1,1,217,depth_0217.png,point_cloud_0217.ply,rgb_0217.png,1730510113427,point_cloud_0217.ply,rgb_0217.png
depth_0218.png,1,1,1,1,218,depth_0218.png,point_cloud_0218.ply,rgb_0218.png,1730510117962,point_cloud_0218.ply,rgb_0218.png
depth_0219.png,1,1,1,1,219,depth_0219.png,point_cloud_0219.ply,rgb_0219.png,1730510122502,point_cloud_0219.ply,rgb_0219.png
depth_0220.png,1,1,1,1,220,depth_0220.png,point_cloud_0220.ply,rgb_0220.png,1730510137447,point_cloud_0220.ply,rgb_0220.png
depth_0221.png,1,1,1,1,221,depth_0221.png,point_cloud_0221.ply,rgb_0221.png,1730510142306,point_cloud_0221.ply,rgb_0221.png
depth_0222.png,1,1,1,1,222,depth_0222.png,point_cloud_0222.ply,rgb_0222.png,1730510145675,point_cloud_0222.ply,rgb_0222.png
depth_0223.png,1,1,1,1,223,depth_0223.png,point_cloud_0223.ply,rgb_0223.png,1730510150143,point_cloud_0223.ply,rgb_0223.png
depth_0224.png,1,1,1,1,224,depth_0224.png,point_cloud_0224.ply,rgb_0224.png,1730510155079,point_cloud_0224.ply,rgb_0224.png
depth_0225.png,1,1,1,1,225,depth_0225.png,point_cloud_0225.ply,rgb_0225.png,1730510158813,point_cloud_0225.ply,rgb_0225.png
depth_0226.png,1,1,1,1,226,depth_0226.png,point_cloud_0226.ply,rgb_0226.png,1730510163318,point_cloud_0226.ply,rgb_0226.png
depth_0227.png,1,1,1,1,227,depth_0227.png,point_cloud_0227.ply,rgb_0227.png,1730510168185,point_cloud_0227.ply,rgb_0227.png
depth_0228.png,1,1,1,1,228,depth_0228.png,point_cloud_0228.ply,rgb_0228.png,1730510172755,point_cloud_0228.ply,rgb_0228.png
depth_0229.png,1,1,1,1,229,depth_0229.png,point_cloud_0229.ply,rgb_0229.png,1730510176988,point_cloud_0229.ply,rgb_0229.png
depth_0230.png,1,1,1,1,230,depth_0230.png,point_cloud_0230.ply,rgb_0230.png,1730510189460,point_cloud_0230.ply,rgb_0230.png
depth_0231.png,1,1,1,1,231,depth_0231.png,point_cloud_0231.ply,rgb_0231.png,1730510195430,point_cloud_0231.ply,rgb_0231.png
depth_0232.png,1,1,1,1,232,depth_0232.png,point_cloud_0232.ply,rgb_0232.png,1730510201632,point_cloud_0232.ply,rgb_0232.png
depth_0233.png,1,1,1,1,233,depth_0233.png,point_cloud_0233.ply,rgb_0233.png,1730510206601,point_cloud_0233.ply,rgb_0233.png
depth_0234.png,1,1,1,1,234,depth_0234.png,point_cloud_0234.ply,rgb_0234.png,1730510212270,point_cloud_0234.ply,rgb_0234.png
depth_0235.png,1,1,1,1,235,depth_0235.png,point_cloud_0235.ply,rgb_0235.png,1730510233279,point_cloud_0235.ply,rgb_0235.png
depth_0236.png,1,1,1,1,236,depth_0236.png,point_cloud_0236.ply,rgb_0236.png,1730510238683,point_cloud_0236.ply,rgb_0236.png
depth_0237.png,1,1,1,1,237,depth_0237.png,point_cloud_0237.ply,rgb_0237.png,1730510245751,point_cloud_0237.ply,rgb_0237.png
depth_0238.png,1,1,1,1,238,depth_0238.png,point_cloud_0238.ply,rgb_0238.png,1730510251758,point_cloud_0238.ply,rgb_0238.png
depth_0239.png,1,1,1,1,239,depth_0239.png,point_cloud_0239.ply,rgb_0239.png,1730510257124,point_cloud_0239.ply,rgb_0239.png
depth_0240.png,1,1,1,1,240,depth_0240.png,point_cloud_0240.ply,rgb_0240.png,1730510269930,point_cloud_0240.ply,rgb_0240.png
depth_0241.png,1,1,1,1,241,depth_0241.png,point_cloud_0241.ply,rgb_0241.png,1730510275232,point_cloud_0241.ply,rgb_0241.png
depth_0242.png,1,1,1,1,242,depth_0242.png,point_cloud_0242.ply,rgb_0242.png,1730510282468,point_cloud_0242.ply,rgb_0242.png
depth_0243.png,1,1,1,1,243,depth_0243.png,point_cloud_0243.ply,rgb_0243.png,1730510290205,point_cloud_0243.ply,rgb_0243.png
depth_0244.png,1,1,1,1,244,depth_0244.png,point_cloud_0244.ply,rgb_0244.png,1730510294906,point_cloud_0244.ply,rgb_0244.png
depth_0245.png,1,1,1,1,245,depth_0245.png,point_cloud_0245.ply,rgb_0245.png,1730510318350,point_cloud_0245.ply,rgb_0245.png
depth_0246.png,1,1,1,1,246,depth_0246.png,point_cloud_0246.ply,rgb_0246.png,1730510324286,point_cloud_0246.ply,rgb_0246.png
depth_0247.png,1,1,1,1,247,depth_0247.png,point_cloud_0247.ply,rgb_0247.png,1730510330723,point_cloud_0247.ply,rgb_0247.png
depth_0248.png,1,1,1,1,248,depth_0248.png,point_cloud_0248.ply,rgb_0248.png,1730510336358,point_cloud_0248.ply,rgb_0248.png
depth_0249.png,1,1,1,1,249,depth_0249.png,point_cloud_0249.ply,rgb_0249.png,1730510349730,point_cloud_0249.ply,rgb_0249.png
depth_0250.png,1,1,1,1,250,depth_0250.png,point_cloud_0250.ply,rgb_0250.png,1730510370207,point_cloud_0250.ply,rgb_0250.png
depth_0251.png,1,1,1,1,251,depth_0251.png,point_cloud_0251.ply,rgb_0251.png,1730510375308,point_cloud_0251.ply,rgb_0251.png
depth_0252.png,1,1,1,1,252,depth_0252.png,point_cloud_0252.ply,rgb_0252.png,1730510381611,point_cloud_0252.ply,rgb_0252.png
depth_0253.png,1,1,1,1,253,depth_0253.png,point_cloud_0253.ply,rgb_0253.png,1730510386980,point_cloud_0253.ply,rgb_0253.png
depth_0254.png,1,1,1,1,254,depth_0254.png,point_cloud_0254.ply,rgb_0254.png,1730510392549,point_cloud_0254.ply,rgb_0254.png
depth_0255.png,1,1,1,1,255,depth_0255.png,point_cloud_0255.ply,rgb_0255.png,1730510414059,point_cloud_0255.ply,rgb_0255.png
depth_0256.png,1,1,1,1,256,depth_0256.png,point_cloud_0256.ply,rgb_0256.png,1730510421029,point_cloud_0256.ply,rgb_0256.png
depth_0257.png,1,1,1,1,257,depth_0257.png,point_cloud_0257.ply,rgb_0257.png,1730510426665,point_cloud_0257.ply,rgb_0257.png
depth_0258.png,1,1,1,1,258,depth_0258.png,point_cloud_0258.ply,rgb_0258.png,1730510461913,point_cloud_0258.ply,rgb_0258.png
depth_0259.png,1,1,1,1,259,depth_0259.png,point_cloud_0259.ply,rgb_0259.png,1730510467615,point_cloud_0259.ply,rgb_0259.png
depth_0260.png,1,1,1,1,260,depth_0260.png,point_cloud_0260.ply,rgb_0260.png,1730510472651,point_cloud_0260.ply,rgb_0260.png
depth_0261.png,1,1,1,1,261,depth_0261.png,point_cloud_0261.ply,rgb_0261.png,1730510478788,point_cloud_0261.ply,rgb_0261.png
depth_0262.png,1,1,1,1,262,depth_0262.png,point_cloud_0262.ply,rgb_0262.png,1730510512436,point_cloud_0262.ply,rgb_0262.png
depth_0263.png,1,1,1,1,263,depth_0263.png,point_cloud_0263.ply,rgb_0263.png,1730510517839,point_cloud_0263.ply,rgb_0263.png
depth_0264.png,1,1,1,1,264,depth_0264.png,point_cloud_0264.ply,rgb_0264.png,1730510521590,point_cloud_0264.ply,rgb_0264.png
depth_0265.png,1,1,1,1,265,depth_0265.png,point_cloud_0265.ply,rgb_0265.png,1730510526442,point_cloud_0265.ply,rgb_0265.png
depth_0266.png,1,1,1,1,266,depth_0266.png,point_cloud_0266.ply,rgb_0266.png,1730510531378,point_cloud_0266.ply,rgb_0266.png
depth_0267.png,1,1,1,1,267,depth_0267.png,point_cloud_0267.ply,rgb_0267.png,1730510536348,point_cloud_0267.ply,rgb_0267.png
depth_0268.png,1,1,1,1,268,depth_0268.png,point_cloud_0268.ply,rgb_0268.png,1730510541115,point_cloud_0268.ply,rgb_0268.png
depth_0269.png,1,1,1,1,269,depth_0269.png,point_cloud_0269.ply,rgb_0269.png,1730510545917,point_cloud_0269.ply,rgb_0269.png
depth_0270.png,1,1,1,1,270,depth_0270.png,point_cloud_0270.ply,rgb_0270.png,1730510551187,point_cloud_0270.ply,rgb_0270.png
depth_0271.png,1,1,1,1,271,depth_0271.png,point_cloud_0271.ply,rgb_0271.png,1730510578432,point_cloud_0271.ply,rgb_0271.png
depth_0272.png,1,1,1,1,272,depth_0272.png,point_cloud_0272.ply,rgb_0272.png,1730510584767,point_cloud_0272.ply,rgb_0272.png
depth_0273.png,1,1,1,1,273,depth_0273.png,point_cloud_0273.ply,rgb_0273.png,1730510589135,point_cloud_0273.ply,rgb_0273.png
depth_0274.png,1,1,1,1,274,depth_0274.png,point_cloud_0274.ply,rgb_0274.png,1730510593871,point_cloud_0274.ply,rgb_0274.png
depth_0275.png,1,1,1,1,275,depth_0275.png,point_cloud_0275.ply,rgb_0275.png,1730510598609,point_cloud_0275.ply,rgb_0275.png
depth_0276.png,1,1,1,1,276,depth_0276.png,point_cloud_0276.ply,rgb_0276.png,1730510605409,point_cloud_0276.ply,rgb_0276.png
depth_0277.png,1,1,1,1,277,depth_0277.png,point_cloud_0277.ply,rgb_0277.png,1730510620249,point_cloud_0277.ply,rgb_0277.png
depth_0278.png,1,1,1,1,278,depth_0278.png,point_cloud_0278.ply,rgb_0278.png,1730510626085,point_cloud_0278.ply,rgb_0278.png
depth_0279.png,1,1,1,1,279,depth_0279.png,point_cloud_0279.ply,rgb_0279.png,1730510645659,point_cloud_0279.ply,rgb_0279.png
depth_0280.png,1,1,1,1,280,depth_0280.png,point_cloud_0280.ply,rgb_0280.png,1730510651663,point_cloud_0280.ply,rgb_0280.png
depth_0281.png,1,1,1,1,281,depth_0281.png,point_cloud_0281.ply,rgb_0281.png,1730510656732,point_cloud_0281.ply,rgb_0281.png
depth_0282.png,1,1,1,1,282,depth_0282.png,point_cloud_0282.ply,rgb_0282.png,1730510671141,point_cloud_0282.ply,rgb_0282.png
depth_0283.png,1,1,1,1,283,depth_0283.png,point_cloud_0283.ply,rgb_0283.png,1730510676142,point_cloud_0283.ply,rgb_0283.png
depth_0284.png,1,1,1,1,284,depth_0284.png,point_cloud_0284.ply,rgb_0284.png,1730510681243,point_cloud_0284.ply,rgb_0284.png
depth_0285.png,1,1,1,1,285,depth_0285.png,point_cloud_0285.ply,rgb_0285.png,1730510685545,point_cloud_0285.ply,rgb_0285.png
depth_0286.png,1,1,1,1,286,depth_0286.png,point_cloud_0286.ply,rgb_0286.png,1730510698785,point_cloud_0286.ply,rgb_0286.png
depth_0287.png,1,1,1,1,287,depth_0287.png,point_cloud_0287.ply,rgb_0287.png,1730510705155,point_cloud_0287.ply,rgb_0287.png
depth_0288.png,1,1,1,1,288,depth_0288.png,point_cloud_0288.ply,rgb_0288.png,1730510713156,point_cloud_0288.ply,rgb_0288.png
depth_0289.png,1,1,1,1,289,depth_0289.png,point_cloud_0289.ply,rgb_0289.png,1730510731996,point_cloud_0289.ply,rgb_0289.png
depth_0290.png,1,1,1,1,290,depth_0290.png,point_cloud_0290.ply,rgb_0290.png,1730510738101,point_cloud_0290.ply,rgb_0290.png
depth_0291.png,1,1,1,1,291,depth_0291.png,point_cloud_0291.ply,rgb_0291.png,1730510743704,point_cloud_0291.ply,rgb_0291.png
depth_0292.png,1,1,1,1,292,depth_0292.png,point_cloud_0292.ply,rgb_0292.png,1730510781019,point_cloud_0292.ply,rgb_0292.png
depth_0293.png,1,1,1,1,293,depth_0293.png,point_cloud_0293.ply,rgb_0293.png,1730510785589,point_cloud_0293.ply,rgb_0293.png
depth_0294.png,1,1,1,1,294,depth_0294.png,point_cloud_0294.ply,rgb_0294.png,1730510790524,point_cloud_0294.ply,rgb_0294.png
depth_0295.png,1,1,1,1,295,depth_0295.png,point_cloud_0295.ply,rgb_0295.png,1730510796494,point_cloud_0295.ply,rgb_0295.png
depth_0296.png,1,1,1,1,296,depth_0296.png,point_cloud_0296.ply,rgb_0296.png,1730510811399,point_cloud_0296.ply,rgb_0296.png
depth_0297.png,1,1,1,1,297,depth_0297.png,point_cloud_0297.ply,rgb_0297.png,1730510816536,point_cloud_0297.ply,rgb_0297.png
depth_0298.png,1,1,1,1,298,depth_0298.png,point_cloud_0298.ply,rgb_0298.png,1730510821740,point_cloud_0298.ply,rgb_0298.png
depth_0299.png,1,1,1,1,299,depth_0299.png,point_cloud_0299.ply,rgb_0299.png,1730510828709,point_cloud_0299.ply,rgb_0299.png
depth_0300.png,1,1,1,1,300,depth_0300.png,point_cloud_0300.ply,rgb_0300.png,1730510834777,point_cloud_0300.ply,rgb_0300.png
depth_0301.png,1,1,1,1,301,depth_0301.png,point_cloud_0301.ply,rgb_0301.png,1730510840079,point_cloud_0301.ply,rgb_0301.png
depth_0302.png,1,1,1,1,302,depth_0302.png,point_cloud_0302.ply,rgb_0302.png,1730510845049,point_cloud_0302.ply,rgb_0302.png
depth_0303.png,1,1,1,1,303,depth_0303.png,point_cloud_0303.ply,rgb_0303.png,1730510850051,point_cloud_0303.ply,rgb_0303.png
depth_0304.png,1,1,1,1,304,depth_0304.png,point_cloud_0304.ply,rgb_0304.png,1730510873560,point_cloud_0304.ply,rgb_0304.png
depth_0305.png,1,1,1,1,305,depth_0305.png,point_cloud_0305.ply,rgb_0305.png,1730510880964,point_cloud_0305.ply,rgb_0305.png
depth_0306.png,1,1,1,1,306,depth_0306.png,point_cloud_0306.ply,rgb_0306.png,1730510885900,point_cloud_0306.ply,rgb_0306.png
depth_0307.png,1,1,1,1,307,depth_0307.png,point_cloud_0307.ply,rgb_0307.png,1730510906878,point_cloud_0307.ply,rgb_0307.png
depth_0308.png,1,1,1,1,308,depth_0308.png,point_cloud_0308.ply,rgb_0308.png,1730510912512,point_cloud_0308.ply,rgb_0308.png
depth_0309.png,1,1,1,1,309,depth_0309.png,point_cloud_0309.ply,rgb_0309.png,1730510918214,point_cloud_0309.ply,rgb_0309.png
depth_0310.png,1,1,1,1,310,depth_0310.png,point_cloud_0310.ply,rgb_0310.png,1730510929719,point_cloud_0310.ply,rgb_0310.png
depth_0311.png,1,1,1,1,311,depth_0311.png,point_cloud_0311.ply,rgb_0311.png,1730510935791,point_cloud_0311.ply,rgb_0311.png
depth_0312.png,1,1,1,1,312,depth_0312.png,point_cloud_0312.ply,rgb_0312.png,1730510947992,point_cloud_0312.ply,rgb_0312.png
depth_0313.png,1,1,1,1,313,depth_0313.png,point_cloud_0313.ply,rgb_0313.png,1730510956163,point_cloud_0313.ply,rgb_0313.png
depth_0314.png,1,1,1,1,314,depth_0314.png,point_cloud_0314.ply,rgb_0314.png,1730510976406,point_cloud_0314.ply,rgb_0314.png
depth_0315.png,1,1,1,1,315,depth_0315.png,point_cloud_0315.ply,rgb_0315.png,1730510981408,point_cloud_0315.ply,rgb_0315.png
depth_0316.png,1,1,1,1,316,depth_0316.png,point_cloud_0316.ply,rgb_0316.png,1730510985843,point_cloud_0316.ply,rgb_0316.png
depth_0317.png,1,1,1,1,317,depth_0317.png,point_cloud_0317.ply,rgb_0317.png,1730510990179,point_cloud_0317.ply,rgb_0317.png
depth_0318.png,1,1,1,1,318,depth_0318.png,point_cloud_0318.ply,rgb_0318.png,1730510994414,point_cloud_0318.ply,rgb_0318.png
depth_0319.png,1,1,1,1,319,depth_0319.png,point_cloud_0319.ply,rgb_0319.png,1730510998184,point_cloud_0319.ply,rgb_0319.png
depth_0320.png,1,1,1,1,320,depth_0320.png,point_cloud_0320.ply,rgb_0320.png,1730511001717,point_cloud_0320.ply,rgb_0320.png
depth_0321.png,1,1,1,1,321,depth_0321.png,point_cloud_0321.ply,rgb_0321.png,1730511006253,point_cloud_0321.ply,rgb_0321.png
depth_0322.png,1,1,1,1,322,depth_0322.png,point_cloud_0322.ply,rgb_0322.png,1730511017290,point_cloud_0322.ply,rgb_0322.png
depth_0323.png,1,1,1,1,323,depth_0323.png,point_cloud_0323.ply,rgb_0323.png,1730511022360,point_cloud_0323.ply,rgb_0323.png
depth_0324.png,1,1,1,1,324,depth_0324.png,point_cloud_0324.ply,rgb_0324.png,1730511090022,point_cloud_0324.ply,rgb_0324.png
depth_0325.png,1,1,1,1,325,depth_0325.png,point_cloud_0325.ply,rgb_0325.png,1730511094725,point_cloud_0325.ply,rgb_0325.png
depth_0326.png,1,1,1,1,326,depth_0326.png,point_cloud_0326.ply,rgb_0326.png,1730511099360,point_cloud_0326.ply,rgb_0326.png
depth_0327.png,1,1,1,1,327,depth_0327.png,point_cloud_0327.ply,rgb_0327.png,1730511104563,point_cloud_0327.ply,rgb_0327.png
depth_0328.png,1,1,1,1,328,depth_0328.png,point_cloud_0328.ply,rgb_0328.png,1730511108698,point_cloud_0328.ply,rgb_0328.png
depth_0329.png,1,1,1,1,329,depth_0329.png,point_cloud_0329.ply,rgb_0329.png,1730511114302,point_cloud_0329.ply,rgb_0329.png
depth_0330.png,1,1,1,1,330,depth_0330.png,point_cloud_0330.ply,rgb_0330.png,1730511118674,point_cloud_0330.ply,rgb_0330.png
depth_0331.png,1,1,1,1,331,depth_0331.png,point_cloud_0331.ply,rgb_0331.png,1730511127405,point_cloud_0331.ply,rgb_0331.png
depth_0332.png,1,1,1,1,332,depth_0332.png,point_cloud_0332.ply,rgb_0332.png,1730511132786,point_cloud_0332.ply,rgb_0332.png
depth_0333.png,1,1,1,1,333,depth_0333.png,point_cloud_0333.ply,rgb_0333.png,1730511145182,point_cloud_0333.ply,rgb_0333.png
depth_0334.png,1,1,1,1,334,depth_0334.png,point_cloud_0334.ply,rgb_0334.png,1730511149881,point_cloud_0334.ply,rgb_0334.png
depth_0335.png,1,1,1,1,335,depth_0335.png,point_cloud_0335.ply,rgb_0335.png,1730511154653,point_cloud_0335.ply,rgb_0335.png
depth_0336.png,1,1,1,1,336,depth_0336.png,point_cloud_0336.ply,rgb_0336.png,1730511160353,point_cloud_0336.ply,rgb_0336.png
depth_0337.png,1,1,1,1,337,depth_0337.png,point_cloud_0337.ply,rgb_0337.png,1730511164288,point_cloud_0337.ply,rgb_0337.png
depth_0338.png,1,1,1,1,338,depth_0338.png,point_cloud_0338.ply,rgb_0338.png,1730511190299,point_cloud_0338.ply,rgb_0338.png
depth_0339.png,1,1,1,1,339,depth_0339.png,point_cloud_0339.ply,rgb_0339.png,1730511195368,point_cloud_0339.ply,rgb_0339.png
depth_0340.png,1,1,1,1,340,depth_0340.png,point_cloud_0340.ply,rgb_0340.png,1730511199770,point_cloud_0340.ply,rgb_0340.png
depth_0341.png,1,1,1,1,341,depth_0341.png,point_cloud_0341.ply,rgb_0341.png,1730511204606,point_cloud_0341.ply,rgb_0341.png
depth_0342.png,1,1,1,1,342,depth_0342.png,point_cloud_0342.ply,rgb_0342.png,1730511214478,point_cloud_0342.ply,rgb_0342.png
depth_0343.png,1,1,1,1,343,depth_0343.png,point_cloud_0343.ply,rgb_0343.png,1730511219115,point_cloud_0343.ply,rgb_0343.png
depth_0344.png,1,1,1,1,344,depth_0344.png,point_cloud_0344.ply,rgb_0344.png,1730511248692,point_cloud_0344.ply,rgb_0344.png
depth_0345.png,1,1,1,1,345,depth_0345.png,point_cloud_0345.ply,rgb_0345.png,1730511253962,point_cloud_0345.ply,rgb_0345.png
depth_0346.png,1,1,1,1,346,depth_0346.png,point_cloud_0346.ply,rgb_0346.png,1730511259840,point_cloud_0346.ply,rgb_0346.png
depth_0347.png,1,1,1,1,347,depth_0347.png,point_cloud_0347.ply,rgb_0347.png,1730511264532,point_cloud_0347.ply,rgb_0347.png
depth_0348.png,1,1,1,1,348,depth_0348.png,point_cloud_0348.ply,rgb_0348.png,1730511269434,point_cloud_0348.ply,rgb_0348.png
depth_0349.png,1,1,1,1,349,depth_0349.png,point_cloud_0349.ply,rgb_0349.png,1730511283672,point_cloud_0349.ply,rgb_0349.png
depth_0350.png,1,1,1,1,350,depth_0350.png,point_cloud_0350.ply,rgb_0350.png,1730511289777,point_cloud_0350.ply,rgb_0350.png
depth_0351.png,1,1,1,1,351,depth_0351.png,point_cloud_0351.ply,rgb_0351.png,1730511295478,point_cloud_0351.ply,rgb_0351.png
depth_0352.png,1,1,1,1,352,depth_0352.png,point_cloud_0352.ply,rgb_0352.png,1730511300147,point_cloud_0352.ply,rgb_0352.png
depth_0353.png,1,1,1,1,353,depth_0353.png,point_cloud_0353.ply,rgb_0353.png,1730511315088,point_cloud_0353.ply,rgb_0353.png
depth_0354.png,1,1,1,1,354,depth_0354.png,point_cloud_0354.ply,rgb_0354.png,1730511322335,point_cloud_0354.ply,rgb_0354.png
depth_0355.png,1,1,1,1,355,depth_0355.png,point_cloud_0355.ply,rgb_0355.png,1730511336826,point_cloud_0355.ply,rgb_0355.png
depth_0356.png,1,1,1,1,356,depth_0356.png,point_cloud_0356.ply,rgb_0356.png,1730511342816,point_cloud_0356.ply,rgb_0356.png
depth_0357.png,1,1,1,1,357,depth_0357.png,point_cloud_0357.ply,rgb_0357.png,1730511350934,point_cloud_0357.ply,rgb_0357.png
depth_0358.png,1,1,1,1,358,depth_0358.png,point_cloud_0358.ply,rgb_0358.png,1730511358139,point_cloud_0358.ply,rgb_0358.png
depth_0359.png,1,1,1,1,359,depth_0359.png,point_cloud_0359.ply,rgb_0359.png,1730511368576,point_cloud_0359.ply,rgb_0359.png
depth_0360.png,1,1,1,1,360,depth_0360.png,point_cloud_0360.ply,rgb_0360.png,1730511375369,point_cloud_0360.ply,rgb_0360.png
depth_0361.png,1,1,1,1,361,depth_0361.png,point_cloud_0361.ply,rgb_0361.png,1730511384391,point_cloud_0361.ply,rgb_0361.png
depth_0362.png,1,1,1,1,362,depth_0362.png,point_cloud_0362.ply,rgb_0362.png,1730511407432,point_cloud_0362.ply,rgb_0362.png
depth_0363.png,1,1,1,1,363,depth_0363.png,point_cloud_0363.ply,rgb_0363.png,1730511415160,point_cloud_0363.ply,rgb_0363.png
depth_0364.png,1,1,1,1,364,depth_0364.png,point_cloud_0364.ply,rgb_0364.png,1730511433736,point_cloud_0364.ply,rgb_0364.png
depth_0365.png,1,1,1,1,365,depth_0365.png,point_cloud_0365.ply,rgb_0365.png,1730511443390,point_cloud_0365.ply,rgb_0365.png
depth_0366.png,1,1,1,1,366,depth_0366.png,point_cloud_0366.ply,rgb_0366.png,1730511451583,point_cloud_0366.ply,rgb_0366.png
depth_0367.png,1,1,1,1,367,depth_0367.png,point_cloud_0367.ply,rgb_0367.png,1730511463333,point_cloud_0367.ply,rgb_0367.png
depth_0368.png,1,1,1,1,368,depth_0368.png,point_cloud_0368.ply,rgb_0368.png,1730511472386,point_cloud_0368.ply,rgb_0368.png
depth_0369.png,1,1,1,1,369,depth_0369.png,point_cloud_0369.ply,rgb_0369.png,1730511480001,point_cloud_0369.ply,rgb_0369.png
depth_0370.png,1,1,1,1,370,depth_0370.png,point_cloud_0370.ply,rgb_0370.png,1730511494540,point_cloud_0370.ply,rgb_0370.png
depth_0371.png,1,1,1,1,371,depth_0371.png,point_cloud_0371.ply,rgb_0371.png,1730511501280,point_cloud_0371.ply,rgb_0371.png
depth_0372.png,1,1,1,1,372,depth_0372.png,point_cloud_0372.ply,rgb_0372.png,1730511507980,point_cloud_0372.ply,rgb_0372.png
depth_0373.png,1,1,1,1,373,depth_0373.png,point_cloud_0373.ply,rgb_0373.png,1730511517806,point_cloud_0373.ply,rgb_0373.png
depth_0374.png,1,1,1,1,374,depth_0374.png,point_cloud_0374.ply,rgb_0374.png,1730511524518,point_cloud_0374.ply,rgb_0374.png
depth_0375.png,1,1,1,1,375,depth_0375.png,point_cloud_0375.ply,rgb_0375.png,1730511547376,point_cloud_0375.ply,rgb_0375.png
depth_0376.png,1,1,1,1,376,depth_0376.png,point_cloud_0376.ply,rgb_0376.png,1730511559718,point_cloud_0376.ply,rgb_0376.png
depth_0377.png,1,1,1,1,377,depth_0377.png,point_cloud_0377.ply,rgb_0377.png,1730511566673,point_cloud_0377.ply,rgb_0377.png
depth_0378.png,1,1,1,1,378,depth_0378.png,point_cloud_0378.ply,rgb_0378.png,1730511575120,point_cloud_0378.ply,rgb_0378.png
depth_0379.png,1,1,1,1,379,depth_0379.png,point_cloud_0379.ply,rgb_0379.png,1730511583253,point_cloud_0379.ply,rgb_0379.png
depth_0380.png,1,1,1,1,380,depth_0380.png,point_cloud_0380.ply,rgb_0380.png,1730511589277,point_cloud_0380.ply,rgb_0380.png
depth_0381.png,1,1,1,1,381,depth_0381.png,point_cloud_0381.ply,rgb_0381.png,1730511596696,point_cloud_0381.ply,rgb_0381.png
depth_0382.png,1,1,1,1,382,depth_0382.png,point_cloud_0382.ply,rgb_0382.png,1730511602280,point_cloud_0382.ply,rgb_0382.png
depth_0383.png,1,1,1,1,383,depth_0383.png,point_cloud_0383.ply,rgb_0383.png,1730511608709,point_cloud_0383.ply,rgb_0383.png
depth_0384.png,1,1,1,1,384,depth_0384.png,point_cloud_0384.ply,rgb_0384.png,1730511623227,point_cloud_0384.ply,rgb_0384.png
depth_0385.png,1,1,1,1,385,depth_0385.png,point_cloud_0385.ply,rgb_0385.png,1730511632349,point_cloud_0385.ply,rgb_0385.png
depth_0386.png,1,1,1,1,386,depth_0386.png,point_cloud_0386.ply,rgb_0386.png,1730511639668,point_cloud_0386.ply,rgb_0386.png
depth_0387.png,1,1,1,1,387,depth_0387.png,point_cloud_0387.ply,rgb_0387.png,1730511647287,point_cloud_0387.ply,rgb_0387.png
depth_0388.png,1,1,1,1,388,depth_0388.png,point_cloud_0388.ply,rgb_0388.png,1730511654801,point_cloud_0388.ply,rgb_0388.png
depth_0389.png,1,1,1,1,389,depth_0389.png,point_cloud_0389.ply,rgb_0389.png,1730511682052,point_cloud_0389.ply,rgb_0389.png
depth_0390.png,1,1,1,1,390,depth_0390.png,point_cloud_0390.ply,rgb_0390.png,1730511688736,point_cloud_0390.ply,rgb_0390.png
depth_0391.png,1,1,1,1,391,depth_0391.png,point_cloud_0391.ply,rgb_0391.png,1730511709117,point_cloud_0391.ply,rgb_0391.png
depth_0392.png,1,1,1,1,392,depth_0392.png,point_cloud_0392.ply,rgb_0392.png,1730511715927,point_cloud_0392.ply,rgb_0392.png
depth_0393.png,1,1,1,1,393,depth_0393.png,point_cloud_0393.ply,rgb_0393.png,1730511722815,point_cloud_0393.ply,rgb_0393.png
depth_0394.png,1,1,1,1,394,depth_0394.png,point_cloud_0394.ply,rgb_0394.png,1730511729504,point_cloud_0394.ply,rgb_0394.png
depth_0395.png,1,1,1,1,395,depth_0395.png,point_cloud_0395.ply,rgb_0395.png,1730511742473,point_cloud_0395.ply,rgb_0395.png
depth_0396.png,1,1,1,1,396,depth_0396.png,point_cloud_0396.ply,rgb_0396.png,1730511749130,point_cloud_0396.ply,rgb_0396.png
depth_0397.png,1,1,1,1,397,depth_0397.png,point_cloud_0397.ply,rgb_0397.png,1730511755825,point_cloud_0397.ply,rgb_0397.png
depth_0398.png,1,1,1,1,398,depth_0398.png,point_cloud_0398.ply,rgb_0398.png,1730511768276,point_cloud_0398.ply,rgb_0398.png
depth_0399.png,1,1,1,1,399,depth_0399.png,point_cloud_0399.ply,rgb_0399.png,1730511779346,point_cloud_0399.ply,rgb_0399.png
,0,1,0,0,400,depth_0400.png,point_cloud_0400.ply,rgb_0400.png,1730511815833,,
,0,1,0,0,401,depth_0401.png,point_cloud_0401.ply,rgb_0401.png,1730511822943,,
,0,1,0,0,402,depth_0402.png,point_cloud_0402.ply,rgb_0402.png,1730511857159,,
,0,1,0,0,403,depth_0403.png,point_cloud_0403.ply,rgb_0403.png,1730511869399,,
,0,1,0,0,404,depth_0404.png,point_cloud_0404.ply,rgb_0404.png,1730511880872,,
,0,1,0,0,405,depth_0405.png,point_cloud_0405.ply,rgb_0405.png,1730511896384,,
,0,1,0,0,406,depth_0406.png,point_cloud_0406.ply,rgb_0406.png,1730511904594,,
,0,1,0,0,407,depth_0407.png,point_cloud_0407.ply,rgb_0407.png,1730511911767,,
,0,1,0,0,408,depth_0408.png,point_cloud_0408.ply,rgb_0408.png,1730511923136,,
,0,1,0,0,409,depth_0409.png,point_cloud_0409.ply,rgb_0409.png,1730511934451,,
,0,1,0,0,410,depth_0410.png,point_cloud_0410.ply,rgb_0410.png,1730511944467,,
,0,1,0,0,411,depth_0411.png,point_cloud_0411.ply,rgb_0411.png,1730511952696,,
,0,1,0,0,412,depth_0412.png,point_cloud_0412.ply,rgb_0412.png,1730511958581,,
,0,1,0,0,413,depth_0413.png,point_cloud_0413.ply,rgb_0413.png,1730511967063,,
,0,1,0,0,414,depth_0414.png,point_cloud_0414.ply,rgb_0414.png,1730511999719,,
,0,1,0,0,415,depth_0415.png,point_cloud_0415.ply,rgb_0415.png,1730512006530,,
